id,class,species_common_name,species_botanical_name,origin,condition,trees_sampled,moisture_content_pct,density_50mc_kg_m3,density_12mc_kg_m3,specific_gravity_mean,specific_gravity_std,specific_gravity_n,static_bending_mor_mpa_mean,static_bending_mor_mpa_std,static_bending_mor_mpa_n,static_bending_moe_mpa_mean,static_bending_moe_mpa_std,static_bending_moe_mpa_n,work_to_maximum_load_mean,work_to_maximum_load_std,work_to_maximum_load_n,work_total_fracture_mean,work_total_fracture_std,work_total_fracture_n,impact_drop_height_m_mean,impact_drop_height_m_std,impact_drop_height_m_n,compression_parallel_mpa_mean,compression_parallel_mpa_std,compression_parallel_mpa_n,hardness_side_grain_n_mean,hardness_side_grain_n_std,hardness_side_grain_n_n,shear_parallel_mpa_mean,shear_parallel_mpa_std,shear_parallel_mpa_n,cleavage_radial_n_mm_mean,cleavage_radial_n_mm_std,cleavage_radial_n_mm_n,cleavage_tangential_n_mm_mean,cleavage_tangential_n_mm_std,cleavage_tangential_n_mm_n
1,Softwoods,"'Cedar, Port Orford'",Chamaecyparis lawsoniana,United Kingdom,G.,10,143,497,,0.33,0.03,184,34,2.0,16,3900,1350,16,0.058,0.022,16,0.25,0.058,16,0.53,,99,14.3,2.08,83,1690,,283,,,,8.1,1.08,13,9.6,1.23,15
2,Softwoods,"'Cedar, Port Orford'",Chamaecyparis lawsoniana,United Kingdom,A.D.,10,12,,417,0.37,0.031,86,68,9.5,16,5400,1710,14,0.131,0.076,16,0.14,0.078,16,0.7,,100,28.7,4.68,35,2620,,560,,,,11.2,1.78,10,12.1,1.11,10
3,Softwoods,"'Cedar, western red'",Thuja plicata,United Kingdom,G.,10,91,465,,0.31,0.035,280,38,6.5,104,5400,1410,104,0.085,0.062,49,0.174,0.078,49,0.53,,99,18.3,3.75,280,1650,,311,,,,8.9,1.56,35,7.4,1.4,96
4,Softwoods,"'Cedar, western red'",Thuja plicata,United Kingdom,A.D.,10,12,,368,0.33,0.035,281,65,10.5,107,7000,1800,107,0.081,0.027,53,0.117,0.047,53,0.58,,100,35.0,5.16,281,2000,,346,,,,7.4,1.4,96,8.9,1.56,96
5,Softwoods,"'Cypress, Leyland'",Cupressocyparis leylandii,United Kingdom,G.,3,47,577,,0.38,0.03,131,48,6.4,41,5100,1130,41,0.136,0.063,41,0.294,0.094,41,0.84,,41,22.5,3.2,131,2490,,398,,,,8.2,1.24,31,11.7,1.56,31
6,Softwoods,"'Cypress, Leyland'",Cupressocyparis leylandii,United Kingdom,A.D.,3,12,,449,0.4,0.029,100,77,8.5,38,5900,1230,41,0.114,0.034,38,0.126,0.035,38,0.76,,38,39.4,5.16,100,2980,,498,,,,8.2,1.75,34,12.4,1.5,34
7,Softwoods,"'Fir, balsam'",Abies balsamea,Canada,G.,17 planks,52,529,,0.35,0.045,202,43,7.8,196,8100,1200,195,0.06,0.016,99,0.123,0.063,99,0.51,,99,20.8,3.79,202,1730,,457,,,,6.1,1.32,98,7.4,1.87,97
8,Softwoods,"'Fir, balsam'",Abies balsamea,Canada,A.D.,9 planks,12.8,,417,0.37,0.058,106,72,15.4,100,9700,1700,100,0.083,0.028,49,0.121,0.045,49,0.64,,49,41.2,7.56,106,2400,,739,,,,6.7,1.64,48,8.2,1.94,48
9,Softwoods,"'Fir, Douglas'¹",Pseudotsuga menziesii,Canada,G.,78,41,673,,0.45,0.051,2169,54,7.6,1057,10400,1840,1057,0.059,0.016,1056,0.164,0.054,385,0.66,,569,25.9,4.47,2158,2140,,444,,,,,,,,,
10,Softwoods,"'Fir, Douglas'¹",Pseudotsuga menziesii,Canada,A.D.,78,12,,545,0.49,,,93,,,12700,,,0.088,,,0.192,,,0.86,,,52.1,,,2980,,,,,,,,,,,
11,Softwoods,"'Fir, Douglas'",Pseudotsuga menziesii,United Kingdom,G.,54,55,625,,0.41,0.049,1607,53,9.1,431,8300,1850,431,0.078,0.042,253,0.23,0.092,209,0.69,,367,24.6,4.25,1607,2400,,612,,,,8.4,1.52,407,10.2,1.86,403
12,Softwoods,"'Fir, Douglas'",Pseudotsuga menziesii,United Kingdom,A.D.,54,12,,497,0.44,0.053,1446,91,16.9,425,10500,2160,425,0.097,0.038,241,0.172,0.081,204,0.69,,368,48.3,8.03,1446,3420,,865,,,,9.5,1.9,357,11.4,2.17,356
13,Softwoods,"'Fir, grand'",Abies grandis,United Kingdom,G.,20 joists and 11 trees,121,449,,0.3,0.042,447,35,6.9,253,5700,1100,249,0.041,0.023,73,0.064,0.024,70,0.14,,211,17.0,2.88,447,1470,,475,,,,5.8,1.26,78,7.4,2.14,78
14,Softwoods,"'Fir, grand'",Abies grandis,United Kingdom,A.D.,20 joists and 11 trees,12.9,,352,0.32,0.043,435,57,10.3,226,7000,1200,226,0.054,0.024,73,0.088,0.041,73,0.115,,219,30.1,5.64,430,1780,,520,,,,6.0,1.67,61,8.1,2.14,61
15,Softwoods,"'Fir, noble'",Abies procera,United Kingdom,G.,5,191,465,,0.31,0.026,129,34,5.4,56,5700,1290,56,,,,,,,0.53,,52,16.0,1.82,129,1650,,276,,,,,,,,,
16,Softwoods,"'Fir, noble'",Abies procera,United Kingdom,A.D.,5,12,,368,0.33,0.027,127,63,8.5,42,8100,1420,42,,,,,,,0.51,,47,31.0,3.72,127,2000,,375,,,,,,,,,
17,Softwoods,"'Fir, silver'",Abies alba,United Kingdom,G.,15,100,577,,0.38,0.042,654,43,4.7,82,8100,1370,83,0.046,0.018,81,0.139,0.075,41,0.56,,45,22.0,2.79,654,1910,,348,,,,7.7,1.26,71,9.3,1.03,73
18,Softwoods,"'Fir, silver'",Abies alba,United Kingdom,A.D.,15,12,,449,0.4,0.047,381,79,10.0,61,9800,1330,61,0.085,0.027,61,0.177,0.063,32,0.64,,28,42.3,5.16,381,2850,,568,,,,7.7,1.55,59,10.0,2.06,58
19,Softwoods,"Fir, silver",Abies alba,Yugoslavia,G.,28 joists,37,545,,0.36,0.038,322,41,7.7,155,6700,1180,154,0.059,0.035,52,0.132,0.095,52,0.53,0.157,152,22.4,3.59,170,1870,517,155,6.4,1.0,150,6.0,1.3,87,7.7,1.6,85
20,Softwoods,"Fir, silver",Abies alba,Yugoslavia,A.D.,28 joists,12,,433,0.38,0.039,169,77,12.7,149,8800,1470,149,0.085,0.031,45,0.132,0.044,45,0.56,0.155,67,40.5,5.38,169,2490,590,148,9.9,1.89,130,7.4,1.2,61,9.8,2.06,61
21,Softwoods,"Hemlock, commercial western",Tsuga heterophylla and Abies spp,Canada,G.,60 planks,51,593,,0.39,0.055,740,49,10.0,713,8700,1430,695,0.074,0.022,363,0.159,0.078,363,0.58,0.152,630,24.1,4.9,740,2050,612,716,6.6,1.39,716,7.2,1.63,356,8.2,1.91,356
22,Softwoods,"Hemlock, commercial western",Tsuga heterophylla and Abies spp,Canada,A.D.,30 planks,12.8,,465,0.41,0.067,358,83,20.6,337,10400,2040,337,0.094,0.032,175,0.174,0.048,175,0.69,0.178,324,47.4,11.18,358,2760,871,337,11.9,3.16,346,7.5,1.9,172,9.3,2.26,172
23,Softwoods,"Hemlock, western",Tsuga heterophylla,Canada,G.,43 planks,50,609,,0.41,0.049,538,52,9.7,517,8900,1440,500,0.079,0.021,264,0.173,0.079,264,0.61,0.153,449,25.4,4.65,538,2180,624,520,7.0,1.34,522,7.4,1.65,258,8.6,1.85,259
24,Softwoods,"Hemlock, western",Tsuga heterophylla,Canada,A.D.,21 planks,12,,513,0.45,0.054,252,97,17.5,237,11300,1970,237,0.108,0.031,126,0.142,0.047,126,0.76,0.168,230,55.8,9.32,252,3160,810,236,14.1,2.67,244,8.6,1.7,124,10.7,2.06,124
25,Softwoods,"Hemlock, western",Tsuga heterophylla,United Kingdom,G.,15,88,545,,0.36,0.042,422,41,7.3,122,6800,1490,122,0.072,0.021,45,0.168,0.082,45,0.56,0.182,117,19.7,3.48,422,2000,519,121,6.1,1.12,208,6.8,1.43,74,10.2,2.24,74
26,Softwoods,"Hemlock, western",Tsuga heterophylla,United Kingdom,A.D.,15,12,,433,0.38,0.042,408,76,14.7,125,8000,1760,125,0.083,0.029,52,0.09,0.037,52,0.56,0.159,116,41.3,7.64,408,2580,677,124,10.6,2.04,240,8.6,1.98,61,11.6,1.94,61
27,Softwoods,"Kauri, Fijian",Agathis vitiensis,Fiji,G.,6,32,673,,0.45,0.031,78,59,5.5,38,9700,1390,38,0.117,0.038,38,0.319,0.089,38,0.86,0.209,72,27.8,3.25,78,3470,495,50,7.5,1.15,154,6.8,1.44,74,9.1,1.44,74
28,Softwoods,"Kauri, Fijian",Agathis vitiensis,Fiji,A.D.,6,14.2,,545,0.48,0.042,69,94,12.2,31,11000,2340,31,0.08,0.034,31,0.083,0.038,31,0.66,0.188,64,47.4,6.71,69,3960,729,68,13.3,2.13,138,10.9,2.41,69,14.2,2.17,69
29,Softwoods,"Larch, Dunkeld (hybrid)",Larix eurolepis,United Kingdom,G.,5,102,577,,0.38,0.023,40,43,4.6,32,5900,990,32,0.077,0.023,32,0.228,0.044,32,0.69,0.105,32,19.2,1.78,40,2220,254,32,5.9,0.47,80,,,,,,
30,Softwoods,"Larch, Dunkeld (hybrid)",Larix eurolepis,United Kingdom,A.D.,5,13.4,,465,0.41,0.029,32,77,11.0,29,8500,1810,29,0.103,0.027,29,0.139,0.037,29,0.64,0.108,28,39.1,3.75,32,3160,496,29,11.6,1.24,64,,,,,,
31,Softwoods,"Larch, European",Larix decidua,United Kingdom,G.,77,66,673,,0.45,0.052,1152,53,8.5,493,7900,1850,493,0.094,0.033,493,0.272,0.099,390,0.86,0.209,448,24.3,4.08,1152,2450,425,848,6.9,1.04,1252,8.8,1.3,288,9.6,1.38,287
32,Softwoods,"Larch, European",Larix decidua,United Kingdom,A.D.,77,13.0,,545,0.48,0.053,1067,92,15.7,374,9900,2230,374,0.128,0.037,374,0.205,0.075,328,0.76,0.169,329,46.7,7.59,1067,3650,691,888,12.4,2.32,1084,9.3,1.58,196,10.9,2.52,197
33,Softwoods,"Larch, Japanese",Larix kaempferi,United Kingdom,G.,59 trees and 30 joists,59,609,,0.41,0.055,909,48,10.5,560,6800,2080,559,0.092,0.031,435,0.257,0.088,435,0.74,0.196,418,21.9,4.92,909,2140,527,635,6.1,1.11,1114,7.7,1.2,163,9.6,1.57,162
34,Softwoods,"Larch, Japanese",Larix kaempferi,United Kingdom,A.D.,59 trees and 30 joists,12.7,,481,0.43,0.062,889,83,16.3,417,8300,2350,417,0.101,0.03,369,0.154,0.066,369,0.69,0.209,395,43.0,9.72,889,2890,731,519,11.8,2.23,990,8.2,1.56,110,10.9,2.15,110
35,Softwoods,"Pine, Caribbean pitch",Pinus caribaea,Belize,G.,10,41,977,,0.6,0.065,214,66,8.7,36,10400,1590,36,0.091,0.02,36,0.338,0.046,15,1.04,0.091,18,33.0,4.38,202,3200,714,53,9.2,1.53,64,9.3,1.24,29,10.0,1.69,29
36,Softwoods,"Pine, Caribbean pitch",Pinus caribaea,Belize,A.D.,10,12,,769,0.62,0.07,237,107,14.5,68,12600,1800,68,0.126,0.042,68,0.253,0.06,23,0.91,0.196,45,56.1,7.76,201,4980,1324,157,14.3,2.81,198,12.1,1.58,81,13.3,1.58,81
37,Softwoods,"Pine, Caribbean pitch",Pinus caribaea,Nicaragua,G.,5,29,977,,0.66,0.122,46,83,15.3,17,11400,1650,17,0.135,0.033,17,0.352,0.114,17,0.99,0.314,13,37.4,7.43,46,4180,1278,17,9.9,1.86,30,8.6,1.61,13,11.0,1.72,13
38,Softwoods,"Pine, Corsican",Pinus nigra subsp. laricio,Corsica,G.,20 joists,28,705,,0.47,0.061,180,63,11.5,60,10400,2320,60,0.104,0.028,60,,,,0.74,0.176,60,25.5,4.27,60,2800,560,32,,,,,,,,,
39,Softwoods,"Pine, Corsican",Pinus nigra subsp. laricio,United Kingdom,G.,38 trees and 20 joists,138,609,,0.4,0.045,1248,41,7.2,237,7000,1660,236,0.061,0.021,232,0.162,0.069,127,0.53,0.124,140,19.4,3.44,1248,1910,421,336,5.6,0.95,472,7.5,1.33,239,8.9,1.22,239
40,Softwoods,"Pine, Corsican",Pinus nigra subsp. laricio,United Kingdom,A.D.,38 trees and 20 joists,12,,481,0.42,0.05,1005,81,15.0,182,9200,2290,182,0.084,0.025,161,0.114,0.042,80,0.56,0.137,103,44.3,7.99,1005,2890,776,397,10.6,1.61,426,9.5,1.56,210,12.3,2.28,210
41,Softwoods,"Pine, Cyprus",Pinus brutia,Cyprus,A.D.,5 planks,12.1,,577,0.52,0.056,32,91,10.8,32,10400,1690,32,,,,,,,0.64,0.14,30,49.9,4.26,32,4050,665,32,14.1,2.01,64,9.1,1.83,31,13.0,2.11,32
42,Softwoods,"Pine, Holford",Pinus holfordiana,United Kingdom,G.,1,41,513,,0.34,0.026,21,,,,,,,,,,,,,,,,18.5,1.28,21,,,,,,,,,,,,
43,Softwoods,"Pine, Holford",Pinus holfordiana,United Kingdom,A.D.,1,13.6,,400,0.36,0.032,21,,,,,,,,,,,,,,,,32.4,2.4,21,,,,,,,,,,,,
44,Softwoods,"Pine, lodgepole",Pinus contorta,United Kingdom,G.,25,87,593,,0.39,0.051,384,41,8.3,242,6400,1800,242,0.074,0.025,122,0.168,0.062,122,0.61,0.143,302,18.8,3.71,384,2270,526,242,5.6,0.89,256,7.4,1.43,78,10.0,1.62,78
45,Softwoods,"Pine, lodgepole",Pinus contorta,United Kingdom,A.D.,25,13.3,,481,0.42,0.059,361,79,16.6,212,8100,2030,212,0.099,0.026,114,0.108,0.037,114,0.61,0.136,271,38.2,9.18,361,2940,891,212,12.1,2.82,214,10.3,2.0,62,14.5,2.49,62
46,Softwoods,"Pine, maritime",Pinus pinaster,United Kingdom,G.,7,131,609,,0.41,0.032,155,36,3.2,36,6600,1100,36,0.046,0.023,36,0.19,0.042,14,0.58,0.08,15,17.4,1.91,155,1690,266,37,5.0,0.61,66,8.1,0.62,29,8.8,1.34,26
47,Softwoods,"Pine, maritime",Pinus pinaster,United Kingdom,A.D.,7,12,,481,0.43,0.035,142,77,7.6,18,8900,930,18,0.084,0.018,18,0.115,0.023,18,0.66,0.083,15,39.9,3.54,142,2670,479,46,11.4,1.7,60,11.2,1.28,26,14.5,2.13,26
48,Softwoods,"Pine, parana",Araucaria angustifolia,South America,G.,26 planks,37,689,,0.46,0.057,426,52,10.5,139,8700,1780,139,0.082,0.037,36,0.179,0.097,36,0.58,0.128,144,28.8,5.21,143,2490,719,139,7.6,1.36,140,6.7,1.5,72,10.5,2.14,72
49,Softwoods,"Pine, parana",Araucaria angustifolia,South America,A.D.,26 planks,12,,529,0.47,0.058,174,98,17.0,173,10400,1730,173,0.103,0.031,52,0.105,0.034,52,0.61,0.143,171,55.0,9.35,174,3470,874,172,13.6,2.67,167,10.0,2.03,90,15.1,3.92,90
50,Softwoods,"Pine, ponderosa",Pinus ponderosa,Canada?,G.,7 railway sleepers,130,561,,0.37,0.032,58,38,5.8,58,6000,1130,58,0.065,0.019,57,0.148,0.041,57,0.51,0.086,58,17.7,2.68,58,1780,278,58,4.8,0.59,116,5.4,0.64,58,6.8,0.95,58
51,Softwoods,"Pine, ponderosa",Pinus ponderosa,Canada?,A.D.,7 railway sleepers,12.3,,433,0.39,0.032,53,74,9.6,53,7600,1080,53,0.077,0.018,53,0.079,0.017,53,0.51,0.094,53,39.8,5.1,53,2140,304,53,9.9,1.23,106,8.1,0.7,53,11.4,1.21,53
52,Softwoods,"Pine, radiata",Pinus radiata,Kenya,G.,4,88,641,,0.43,0.051,62,41,9.9,34,7700,2520,34,0.059,0.05,34,0.123,0.102,34,0.46,0.23,28,19.1,3.83,62,2180,474,34,5.8,0.97,54,7.5,1.05,35,9.1,1.46,35
53,Softwoods,"Pine, radiata",Pinus radiata,Kenya,A.D.,4,12,,513,0.46,0.055,62,85,22.2,30,9000,2680,30,0.112,0.063,30,0.147,0.139,30,0.58,0.26,31,48.1,8.94,62,3830,1050,30,12.8,2.25,54,16.1,3.64,34,13.0,2.51,34
54,Softwoods,"Pine, radiata",Pinus radiata,New Zealand,G.,134 joists,68,577,,0.39,0.044,167,38,7.4,162,6800,2060,162,0.073,0.026,40,,,,0.64,0.175,138,16.9,3.13,167,1820,389,165,5.0,0.76,296,6.0,0.83,140,8.4,1.32,140
55,Softwoods,"Pine, radiata",Pinus radiata,New Zealand,A.D.,128 joists,13.1,,465,0.42,0.05,157,85,16.6,149,8300,1990,149,0.099,0.03,37,,,,0.66,0.179,120,40.5,7.99,157,2670,592,150,13.1,1.84,285,9.1,2.22,134,11.9,2.22,134
56,Softwoods,"Pine, Scots",Pinus sylvestris,United Kingdom,G.,61,89,625,,0.42,0.052,1659,46,8.1,509,7300,1620,509,0.07,0.023,452,0.214,0.063,254,0.69,0.153,381,21.9,3.92,1659,2220,573,428,5.9,0.93,712,8.2,1.19,300,9.5,1.38,298
57,Softwoods,"Pine, Scots",Pinus sylvestris,United Kingdom,A.D.,61,12,,513,0.46,0.059,1387,89,16.9,387,10000,2130,385,0.103,0.032,290,0.134,0.053,183,0.71,0.167,323,47.4,9.25,1387,2980,697,472,12.7,2.45,564,10.3,1.82,255,13.0,2.47,254
58,Softwoods,"Pine, yellow",Pinus strobus,Canada,A.D.,56 planks,12,,433,0.38,0.04,158,80,10.9,101,8300,1440,101,0.089,0.015,29,0.097,0.019,29,0.56,0.1,56,42.1,6.14,158,2050,473,101,9.3,1.61,58,8.2,1.57,27,11.6,1.77,27
59,Softwoods,"Pine, yellow",Pinus strobus,United Kingdom,G.,13,114,433,,0.29,0.029,52,28,3.7,52,4800,1190,51,0.037,0.012,52,0.111,0.042,52,0.46,0.086,52,13.9,1.72,52,1250,304,52,4.8,0.53,104,,,,,,
60,Softwoods,"Pine, yellow",Pinus strobus,United Kingdom,A.D.,13,11.8,,352,0.31,0.031,52,53,8.2,51,5500,1210,51,0.072,0.014,51,0.076,0.016,51,0.46,0.073,51,30.7,4.52,52,1560,332,52,8.9,1.09,104,,,,,,
61,Softwoods,Podo,Podocarpus sp.,Kenya,G.,3,105,641,,0.43,0.046,141,48,5.2,42,6100,840,42,0.087,0.033,42,0.16,0.056,20,0.61,0.154,29,22.1,2.51,139,2490,683,43,6.3,1.15,48,9.3,1.74,25,11.7,1.14,25
62,Softwoods,Podo,Podocarpus sp.,Kenya,A.D.,3,12,,513,0.46,0.05,141,82,9.3,46,8100,840,46,0.09,0.041,46,0.103,0.042,42,0.66,0.18,34,43.0,3.51,139,3690,1068,51,13.7,2.07,57,9.3,1.55,31,11.7,2.02,31
63,Softwoods,"Redwood, Baltic",Pinus sylvestris,Europe,G.,252 planks,51,625,,0.41,0.051,2795,44,7.9,2628,7700,1610,2603,0.07,0.022,1360,0.186,0.052,1360,0.69,0.139,2405,21.0,3.72,2795,1960,416,2660,5.9,1.03,2727,6.7,1.08,1350,7.5,1.45,1351
64,Softwoods,"Redwood, Baltic",Pinus sylvestris,Europe,A.D.,60 planks,12.8,,481,0.43,0.055,693,83,13.1,666,10000,2040,661,0.098,0.022,347,0.12,0.039,347,0.66,0.14,633,45.0,7.63,693,2580,565,669,11.3,1.69,690,9.8,1.28,330,10.9,1.62,330
65,Softwoods,"Spruce, Norway",Picea abies,United Kingdom,G.,188,118,497,,0.33,0.041,2102,36,6.0,1422,6300,1270,1420,0.05,0.013,338,0.119,0.054,306,0.46,0.105,1398,17.0,3.16,2102,1420,303,1430,4.8,0.76,2752,6.5,0.94,138,7.4,1.15,135
66,Softwoods,"Spruce, Norway",Picea abies,United Kingdom,A.D.,188,13.4,,400,0.35,0.042,2032,66,10.4,1383,8500,1660,1382,0.074,0.021,336,0.111,0.042,331,0.51,0.115,1351,34.8,6.23,2032,2000,437,1462,9.4,1.44,2792,8.9,1.64,156,10.9,1.82,157
67,Softwoods,"Spruce, Serbian",Picea omorika,United Kingdom,G.,5,93,497,,0.33,0.02,53,35,3.8,10,6400,600,10,0.059,0.014,10,0.198,0.043,10,0.61,0.157,7,16.5,1.79,53,1470,222,10,4.6,0.47,40,7.4,1.15,15,8.6,1.3,15
68,Softwoods,"Spruce, Serbian",Picea omorika,United Kingdom,A.D.,5,12,,400,0.36,0.024,52,72,7.5,6,7600,1340,6,0.092,0.02,6,0.101,0.018,6,0.53,0.092,5,41.0,4.21,52,2710,432,6,12.1,1.04,38,11.6,1.86,13,14.4,1.58,13
69,Softwoods,"Spruce, Sitka",Picea sitchensis,Canada,G.,14,43,529,,0.35,0.035,737,39,5.3,380,8800,1490,380,0.04,0.01,380,0.147,0.021,125,0.51,0.13,189,18.3,2.64,755,1460,324,424,5.0,0.81,83,6.5,1.51,84,,,
70,Softwoods,"Spruce, Sitka",Picea sitchensis,Canada,A.D.,14,12,,433,0.39,,,74,,,10500,,,0.081,,,0.173,,,0.56,,,39.2,,,2200,,,7.7,,,8.8,,,,,
71,Softwoods,"Spruce, Sitka",Picea sitchensis,United Kingdom,G.,55 trees and 50 joists,69,481,,0.33,0.04,1291,34,7.0,393,5900,1310,392,0.058,0.019,137,0.17,0.065,132,0.56,0.228,280,16.1,3.06,1291,1560,388,609,4.5,0.83,706,5.8,1.23,345,7.2,1.28,345
72,Softwoods,"Spruce, Sitka",Picea sitchensis,United Kingdom,A.D.,54 trees and 50 joists,12,,384,0.34,0.044,1258,67,12.4,305,8100,1660,305,0.079,0.025,182,0.125,0.054,180,0.51,0.156,273,36.1,6.1,1258,2140,583,565,8.7,1.59,791,7.7,1.81,365,10.0,2.24,366
73,Softwoods,Whitewood,Picea abies,Europe,G.,30 planks,53,529,,0.35,0.035,343,39,5.5,319,7400,1170,304,0.057,0.014,171,0.138,0.059,171,0.53,0.12,255,18.2,2.62,343,1510,291,320,4.9,0.7,336,5.8,0.85,164,6.7,1.02,164
74,Softwoods,Whitewood,Picea abies,Europe,A.D.,30 planks,13.8,,417,0.38,0.037,338,72,10.2,324,10200,2010,324,0.086,0.022,174,0.116,0.04,174,0.58,0.116,310,36.5,5.26,270,2140,353,334,9.8,1.44,334,8.4,1.07,164,9.1,1.2,164
75,Softwoods,Whitewood,Picea abies,Yugoslavia,G.,8 joists,29,497,,0.33,0.032,92,36,4.8,50,6100,1250,50,0.055,0.018,16,0.09,0.041,16,0.43,0.122,44,19.6,2.65,48,1380,388,50,5.4,0.94,46,5.3,0.56,24,6.7,0.56,24
76,Softwoods,Whitewood,Picea abies,Yugoslavia,A.D.,8 joists,12,,384,0.35,0.036,46,73,9.1,32,8300,1270,32,0.084,0.023,11,0.105,0.034,11,0.43,0.092,17,37.2,4.7,46,1910,388,32,9.0,1.17,26,7.5,0.72,13,9.8,1.1,13
77,Softwoods,Yellowwood,Podocarpus guatemalensis,Belize,G.,3,44,657,,0.43,0.023,22,63,2.9,10,8100,1240,10,0.084,0.017,10,0.146,0.033,10,,,,30.9,2.5,20,2890,483,10,8.4,0.68,16,10.5,1.05,6,10.9,0.8,6
78,Softwoods,Yellowwood,Podocarpus guatemalensis,Belize,A.D.,3,12,,497,0.44,0.015,19,85,16.1,6,8900,1510,6,0.078,0.037,6,0.085,0.037,6,0.46,0.075,5,50.0,4.87,13,3160,308,12,13.2,0.93,6,10.0,1.26,6,10.0,0.37,3
79,Hardwoods,Abura,Mitragyna sp.,West Africa,G.,1,101,689,,0.46,0.029,25,54,5.6,17,8100,1400,17,0.058,0.014,17,0.116,0.017,9,0.69,0.1,6,27.3,3.46,25,3110,346,9,12.1,2.09,6,14.0,2.06,6,,,
80,Hardwoods,Abura,Mitragyna sp.,West Africa,A.D.,1,12,,545,0.49,0.045,22,83,11.7,12,9300,1570,12,0.082,0.026,12,0.134,0.031,4,0.64,0.133,7,46.5,8.12,22,3470,653,8,14.5,5.24,3,18.0,1.17,3,,,
81,Hardwoods,Afrormosia,Pericopsis elata,Ghana,G.,6,62,977,,0.65,0.053,123,108,16.5,121,11400,1200,121,0.164,0.072,40,0.393,0.105,40,1.35,0.242,128,53.8,9.09,123,7120,1204,121,13.1,2.03,120,18.4,2.19,46,23.6,2.93,46
82,Hardwoods,Afrormosia,Pericopsis elata,Ghana,A.D.,6,12,,737,0.66,0.045,138,134,21.1,66,12500,1350,66,0.155,0.071,19,0.301,0.141,19,1.09,0.252,58,71.4,6.53,138,6940,980,66,16.3,2.34,64,13.1,2.17,30,17.2,2.59,30
83,Hardwoods,Afzelia,Afzelia quanzensis,Tanzania,G.,1,47,1137,,0.76,0.057,24,89,20.4,24,8700,1340,24,0.107,0.056,24,0.363,0.138,24,1.04,0.436,24,47.0,7.84,23,7610,1058,24,13.4,2.32,24,18.7,1.63,11,21.4,2.22,11
84,Hardwoods,Afzelia,Afzelia quanzensis,Tanzania,A.D.,1,12,,865,0.77,0.038,26,97,29.6,26,8500,1380,26,0.104,0.065,26,0.18,0.126,26,0.71,0.287,26,71.0,8.11,26,9870,1263,26,19.7,2.4,26,12.3,1.29,13,17.2,2.08,13
85,Hardwoods,Afzelia,Afzelia sp.,West Africa,A.D.,3 logs and 17 planks,12,,817,0.73,0.035,256,125,26.6,65,13100,1760,65,0.1,0.043,65,0.203,0.087,49,0.79,0.242,66,79.2,12.02,241,7870,914,207,16.6,2.28,209,10.5,2.0,86,13.3,2.49,86
86,Hardwoods,Agba,Gossweilerodendron balsamiferum,West Africa,G.,12 logs,56,641,,0.42,0.044,719,52,8.7,238,6000,1360,238,0.072,0.025,191,0.183,0.063,191,0.66,0.183,223,24.3,4.27,244,2760,522,238,7.7,0.98,240,10.0,1.54,118,12.3,1.82,118
87,Hardwoods,Agba,Gossweilerodendron balsamiferum,West Africa,A.D.,17 logs,12,,497,0.44,0.034,521,81,11.6,363,7600,1250,363,0.091,0.027,100,0.137,0.039,73,0.61,0.174,320,43.2,5.13,521,3290,537,506,11.7,1.58,540,11.4,2.02,229,13.3,2.63,229
88,Hardwoods,"Albizia, West African",Albizia sp.,West Africa,A.D.,7 planks,12,,705,0.62,0.058,33,105,10.3,9,10700,1030,9,0.078,0.022,9,0.137,0.039,9,0.56,0.134,9,64.7,8.52,29,6180,1454,32,16.6,2.0,36,10.9,1.46,18,14.0,2.44,18
89,Hardwoods,"Alder, common",Alnus glutinosa,United Kingdom,G.,8,94,625,,0.42,0.022,164,49,6.1,17,7600,972,17,0.082,0.013,17,0.176,0.046,17,0.64,0.101,15,21.7,2.74,132,2220,240,109,6.3,0.93,36,9.6,1.61,15,11.7,0.91,51
90,Hardwoods,"Alder, common",Alnus glutinosa,United Kingdom,A.D.,8,12,,513,0.45,0.026,168,80,8.3,15,8800,1070,15,0.093,0.025,15,0.137,0.037,15,0.64,0.076,14,41.1,4.37,138,2940,425,132,12.2,1.59,68,13.3,1.53,34,15.8,1.81,34
91,Hardwoods,Alstonia,Alstonia boonei,Uganda,G.,1,123,497,,0.33,0.017,59,36,2.3,17,6400,230,17,0.035,0.018,17,0.07,0.004,6,0.41,0.0,9,20.1,1.33,54,1650,212,14,5.3,0.68,15,7.7,0.99,8,9.3,1.01,8
92,Hardwoods,Alstonia,Alstonia boonei,Uganda,A.D.,1,12,,400,0.35,0.014,57,59,2.4,8,8300,330,8,0.054,0.004,8,0.065,0.005,7,0.38,0.05,6,36.1,2.1,53,1820,140,20,6.6,0.72,25,8.1,1.07,10,10.0,1.67,10
93,Hardwoods—contd.,Antiari,Antiaria toxicaria,West Africa,G.,,,,,,,,,,,,,,,,,,,,,,,,,,,,,,,,,,,,,
94,Hardwoods—contd.,Antiari,Antiaria toxicaria,West Africa,A.D.,8 planks,12,,433,0.38,0.048,91,59,9.3,28,7200,124,28,0.041,0.014,28,0.058,0.025,28,0.36,0.098,22,37.4,4.46,83,2270,642,68,,,,8.1,1.36,38,9.6,2.67,38
95,Hardwoods—contd.,Araracanga,Aspidosperma sp.,Brazil,G.,,,,,,,,,,,,,,,,,,,,,,,,,,,,,,,,,,,,,
96,Hardwoods—contd.,Araracanga,Aspidosperma sp.,Brazil,A.D.,6 planks,12,,833,0.74,0.039,60,132,15.4,12,16300,1480,12,0.097,0.012,12,0.199,0.042,12,0.91,0.154,12,85.6,9.87,60,7340,1126,52,,,,12.1,2.52,11,13.3,2.27,14
97,Hardwoods—contd.,"Ash, European",Fraxinus excelsior,United Kingdom,G.,67,48,801,,0.53,0.044,204,66,10.9,204,9500,1880,204,0.172,0.06,204,0.375,0.095,204,1.17,0.352,204,27.2,4.92,204,4270,705,204,,,,,,,,,
98,Hardwoods—contd.,"Ash, European",Fraxinus excelsior,United Kingdom,A.D.,67,12,,689,0.6,0.056,201,116,16.6,201,11900,2170,201,0.182,0.045,201,0.281,0.097,201,1.07,0.216,201,53.3,7.73,201,6140,1158,201,,,,,,,,,
99,Hardwoods—contd.,Avodiré,Turraeanthus africanus,West Africa,G.,,,,,,,,,,,,,,,,,,,,,,,,,,,,,,,,,,,,,
100,Hardwoods—contd.,Avodiré,Turraeanthus africanus,West Africa,A.D.,3 logs,12,,577,0.52,0.036,105,92,14.6,29,9600,1360,29,0.079,0.03,29,0.114,0.043,29,0.61,0.15,28,51.4,4.97,100,4800,726,87,,,,14.9,1.9,39,20.5,3.23,39
101,Hardwoods—contd.,Ayan,Distemonanthus benthamianus,West Africa,G.,,,,,,,,,,,,,,,,,,,,,,,,,,,,,,,,,,,,,
102,Hardwoods—contd.,Ayan,Distemonanthus benthamianus,West Africa,A.D.,9 planks,12,,673,0.59,0.044,95,108,13.4,24,11400,990,24,0.108,0.033,24,0.189,0.053,24,0.84,0.147,23,57.3,5.36,92,5470,898,83,,,,11.7,1.8,38,12.8,1.74,38
103,Hardwoods—contd.,Balsa,Ochroma sp.,Tropical America,G.,,,,,,,,,,,,,,,,,,,,,,,,,,,,,,,,,,,,,
104,Hardwoods—contd.,Balsa,Ochroma sp.,Tropical America,A.D.,11,,,176,0.16,0.035,12,23,7.3,30,3200,1060,30,0.018,0.007,30,0.035,0.017,30,,,,15.5,4.43,12,,,,,,,,,,,,
105,Hardwoods—contd.,Baromalli,Catostemma commune,Guyana,G.,,,,,,,,,,,,,,,,,,,,,,,,,,,,,,,,,,,,,
106,Hardwoods—contd.,Baromalli,Catostemma commune,Guyana,A.D.,2,12,,593,0.53,0.05,111,81,9.6,25,11700,1450,25,0.07,0.018,25,0.197,0.068,13,0.66,0.095,25,48.2,6.23,108,3160,828,106,,,,9.6,1.35,35,9.6,2.33,31
107,Hardwoods—contd.,"Beech, European",Fagus sylvatica,United Kingdom,G.,36,88,833,,0.55,0.034,1169,65,9.0,358,9800,1300,358,0.111,0.026,358,0.23,0.063,123,0.91,0.143,156,27.6,4.96,1169,4270,624,272,,,,16.1,1.96,154,23.3,3.14,155
108,Hardwoods—contd.,"Beech, European",Fagus sylvatica,United Kingdom,A.D.,36,12,,689,0.62,0.037,878,118,11.0,183,12600,1220,182,0.146,0.039,183,0.239,0.067,76,1.14,0.147,112,56.3,6.54,878,6410,890,222,,,,17.3,4.96,128,24.9,4.78,128
109,Hardwoods—contd.,"Beech, European",Fagus sylvatica,Italy,G.,,,,,,,,,,,,,,,,,,,,,,,,,,,,,,,,,,,,,
110,Hardwoods—contd.,"Beech, European",Fagus sylvatica,Italy,A.D.,5 planks,12,,673,0.6,0.028,23,108,14.3,23,10100,1870,23,0.146,0.035,7,0.211,0.059,7,0.99,0.162,23,51.8,6.01,23,5650,668,23,,,,18.4,2.15,12,28.0,3.55,12
111,Hardwoods—contd.,Belian,Eusideroxylon zwageri,Sabah,G.,5,40,1282,,0.86,0.058,36,143,19.5,36,17700,2910,36,0.139,0.037,36,0.288,0.106,36,1.17,0.308,34,79.9,11.25,36,12630,2154,36,,,,,,,,,
112,Hardwoods—contd.,Belian,Eusideroxylon zwageri,Sabah,A.D.,5,10.7,,1025,0.91,0.074,36,178*,33.2,28,18300*,3060,28,0.174*,0.054,28,0.290*,0.102,28,1.09,0.267,31,93.9,13.35,36,13430,2910,34,,,,,,,,,
113,Hardwoods—contd.,Berlinia,Berlinia confusa,Nigeria,G.,5,75,849,,0.57,0.05,482,72,13.3,149,9100,2100,149,0.092,0.035,149,0.238,0.076,35,0.74,0.214,18,34.0,5.25,182,4450,,,,,,13.8,,,18.2,,
114,Hardwoods—contd.,Berlinia,Berlinia confusa,Nigeria,A.D.,5,12,,689,0.61,0.047,516,105,18.9,160,10800,1780,160,0.112,0.043,40,0.211,0.091,40,0.79,0.253,19,53.0,6.52,161,6050,,,,,,15.1,,,20.5,,
115,Hardwoods—contd.,Binuang,Octomeles sumatrana,Sabah,G.,5,69,481,,0.32,0.036,250,37,5.9,82,5300,940,81,0.032,0.01,79,0.068,0.024,78,0.36,0.073,9,21.8,3.36,73,1380,,,,,,5.3,,,7.4,,
116,Hardwoods—contd.,Binuang,Octomeles sumatrana,Sabah,A.D.,5,12,,352,0.32,0.054,144,52,8.0,63,6300,1130,63,0.052,0.016,20,0.078,0.026,20,0.33,0.101,6,33.1,5.72,144,1650,,,,,,6.7,,,8.9,,
117,Hardwoods—contd.,"Birch, European",Betula sp.,United Kingdom,G.,8,76,801,,0.53,0.029,59,63,5.1,6,9900,410,6,0.107,0.024,6,0.311,0.102,6,0.76,0.134,1,26.3,3.12,36,3200,,,,,,13.3,,,14.5,,
118,Hardwoods—contd.,"Birch, European",Betula sp.,United Kingdom,A.D.,8,12,,673,0.6,0.037,76,123,7.6,5,13300,800,5,0.154,0.066,5,0.259,0.107,5,1.04,0.185,5,59.9,5.2,47,5470,,,,,,19.3,,,20.8,,
119,Hardwoods—contd.,Blackbutt,Eucalyptus pilularis,Australia,G.,3,68,897,,0.6,0.045,23,87,2.8,5,12800,1240,5,0.092,0.015,5,0.209,0.072,4,0.89,0.072,,45.2,4.22,14,5600,,,,,,16.5,,,18.0,,
120,Hardwoods—contd.,Blackbutt,Eucalyptus pilularis,Australia,A.D.,3,12,,753,0.68,0.038,9,149,10.9,4,16800,2220,4,0.17,0.039,4,0.301,0.121,4,1.04,0.072,,81.3,6.38,8,6940,,,,,,10.0,,,12.1,,
121,Hardwoods—contd.,"Cabbage bark, black",Lonchocarpus castilloi,Belize,G.,1,61,1169,,0.78,0.02,23,128,3.0,6,15400,1100,6,0.137,0.028,6,0.302,,2,1.04,0.088,3,65.5,3.63,17,11610,,,,,,23.8,,,27.3,,
122,Hardwoods—contd.,"Cabbage bark, black",Lonchocarpus castilloi,Belize,A.D.,1,12,,897,0.8,0.02,24,175,4.1,3,16800,700,3,0.164,0.012,3,0.319,0.021,3,1.04,,,88.6,3.63,24,11790,,,,,,18.9,,,19.8,,
123,Hardwoods—contd.,"'Camphorwood, East African'",Ocotea usambarensis,Kenya,G.,11,59,769,,0.51,0.04,225,59,8.0,93,8100,1890,93,0.061,0.021,93,0.135,0.048,31,0.64,0.091,31,30.6,4.45,205,3380,,,,,,13.7,,,16.5,,
124,Hardwoods—contd.,"'Camphorwood, East African'",Ocotea usambarensis,Kenya,A.D.,11,12,,593,0.53,0.04,211,92,15.1,54,9900,2040,54,0.08,0.026,54,0.147,0.049,19,0.66,0.163,20,52.3,7.03,196,4140,,,,,,13.7,,,18.0,,
125,Hardwoods—contd.,"Canarium, African",Canarium schweinfurthii,Nigeria,G.,4,94,593,,0.4,0.035,86,41,8.3,35,6200,1180,35,0.043,0.012,15,0.112,0.043,15,0.43,0.119,33,21.6,2.9,86,2310,,,,,,7.7,,,10.0,,
126,Hardwoods—contd.,"Canarium, African",Canarium schweinfurthii,Nigeria,A.D.,4,12,,497,0.44,0.044,89,70,10.6,29,8100,1120,29,0.049,0.02,15,0.081,0.037,15,0.46,0.147,27,42.5,4.84,89,2980,,,,,,10.5,,,13.3,,
127,Hardwoods—contd.,Cassine,Cassine buchananii,Kenya,A.D.,4 planks,12,,801,0.71,0.039,15,135,7.4,3,14800,1440,3,0.119,0.007,3,0.226,0.015,3,1.04,0.106,3,69.0,4.31,13,7650,,,,,,13.7,,,18.0,,
128,Hardwoods—contd.,"Cedar, Central American",Cedrela odorata,Nigeria,G.,5,82,433,,0.29,0.026,49,37,4.3,47,5200,720,47,,,,,,,0.33,0.049,47,18.8,2.21,49,1290,,,,,,,,,,,
129,Hardwoods—contd.,"Cedar, Central American",Cedrela odorata,Nigeria,A.D.,5,15.5,,336,0.3,0.024,49,49,5.0,49,5900,800,49,,,,,,,0.43,0.078,47,28.3,2.58,49,1420,,,,,,,,,,,
130,Hardwoods—contd.,"Celtis, African",Celtis spp.,West Africa,G.,4,59,961,,0.64,0.031,35,90,9.1,16,12800,1070,16,0.092,0.03,16,0.235,0.062,15,0.89,0.136,19,44.9,3.12,68,6180,,,,,,19.8,,,19.8,,
131,Hardwoods—contd.,"Celtis, African",Celtis spp.,West Africa,A.D.,5,12,,785,0.69,0.032,102,144,9.0,38,15900,1250,38,0.154,0.031,38,0.272,0.081,38,1.32,0.211,37,72.9,4.13,66,7470,,,,,,16.5,,,20.8,,
132,Hardwoods,"Cherry, European",Prunus avium,United Kingdom,G.,8,78,753,,0.5,0.026,78,64,3.9,8,8300,740,8,0.145,0.025,8,0.387,0.057,8,1.04,0.077,5,27.8,2.06,76,4140,313,17,9.2,1.09,28,14.9,1.66,6,18.9,2.34,11
133,Hardwoods,"Cherry, European",Prunus avium,United Kingdom,A.D.,8,12,,625,0.56,0.023,57,110,10.4,3,10200,820,3,0.15,0.041,3,0.264,0.012,3,1.09,0.261,3,54.5,4.25,53,5780,669,23,16.5,1.62,20,18.9,3.91,10,24.9,2.11,10
134,Hardwoods,"Chestnut, sweet",Castanea sativa,United Kingdom,G.,13,124,657,,0.44,0.031,271,52,7.0,35,7200,1650,35,0.077,0.018,35,0.158,0.056,18,0.66,0.113,16,24.2,4.26,271,3160,329,73,7.5,0.77,62,11.7,0.99,33,13.3,1.5,28
135,Hardwoods,"Chestnut, sweet",Castanea sativa,United Kingdom,A.D.,13,12,,513,0.46,0.031,166,79,6.1,18,8200,850,18,0.066,0.013,20,0.077,0.021,13,0.58,0.068,11,44.4,6.54,166,3070,564,78,10.5,1.7,66,13.3,1.62,34,14.5,2.52,34
136,Hardwoods,Coachwood,Ceratopetalum apetalum,Australia,G.,1,106,753,,0.5,0.009,35,59,2.7,15,11000,620,15,0.052,0.019,15,0.17,0.014,4,0.76,0.062,10,28.3,1.69,34,3340,182,12,7.9,0.5,8,12.4,1.27,7,17.7,0.75,7
137,Hardwoods,Coachwood,Ceratopetalum apetalum,Australia,A.D.,1,12,,641,0.58,0.012,36,110,3.3,9,13600,680,9,0.159,0.021,9,0.259,0.026,9,0.99,0.068,5,56.9,3.57,33,5120,268,8,12.3,1.41,13,18.9,1.55,5,20.1,2.98,5
138,Hardwoods,Coigue,Nothofagus dombeyi,Chile,G.,,,,,,,,,,,,,,,,,,,,,,,,,,,,,,,,,,,,,
139,Hardwoods,Coigue,Nothofagus dombeyi,Chile,A.D.,1 plank,12,,625,0.55,0.01,6,97,2.1,3,11300,330,3,0.103,0.011,3,0.125,0.002,3,,,,56.5,4.3,5,3690,127,5,12.5,1.35,6,16.1,0.94,3,15.8,0.14,3
140,Hardwoods,"Cordia, African",Cordia millenii,Nigeria,G.,3,61,545,,0.36,0.058,26,54,12.1,26,6100,1110,26,,,,,,,0.53,0.138,26,26.3,5.73,26,2450,686,26,7.1,1.68,52,,,,,,
141,Hardwoods,"Cordia, African",Cordia millenii,Nigeria,A.D.,3,11.8,,417,0.38,0.064,26,67,13.4,26,6900,1080,26,,,,,,,0.48,0.104,26,35.9,6.96,26,2620,751,26,8.9,2.02,52,,,,,,
142,Hardwoods,Cramantee,Guarea excelsa,Belize,G.,3,144,689,,0.46,0.02,16,66,6.1,9,8400,810,9,0.089,0.04,9,0.154,0.033,9,,,,31.7,2.85,18,4000,568,6,10.0,1.24,8,16.1,1.78,4,18.0,0.5,4
143,Hardwoods,Cramantee,Guarea excelsa,Belize,A.D.,3,12,,545,0.48,0.02,16,88,8.3,8,9700,1640,8,0.073,0.016,8,0.137,0.031,5,,,,47.9,4.59,11,3600,308,8,12.6,1.18,10,8.8,1.6,4,10.9,1.32,4
144,Hardwoods,Curupay,Anadenanthera macrocarpa,Brazil,G.,,,,,,,,,,,,,,,,,,,,,,,,,,,,,,,,,,,,,
145,Hardwoods,Curupay,Anadenanthera macrocarpa,Brazil,A.D.,1,12,,1041,0.93,0.053,27,202,19.5,4,17900,1270,4,0.257,0.087,4,0.503,0.106,4,,,,97.2,5.47,26,17080,2684,21,26.5,2.36,12,16.8,2.96,6,29.4,6.41,5
146,Hardwoods,Dahoma,Piptadeniastrum africanum,Nigeria and Uganda,G.,5,96,849,,0.57,0.068,88,76,16.7,33,9900,2460,33,0.11,0.056,17,0.305,0.105,17,0.89,0.261,34,36.7,9.38,88,5870,1179,33,11.2,2.0,48,13.5,1.94,23,23.3,3.47,23
147,Hardwoods,Dahoma,Piptadeniastrum africanum,Nigeria and Uganda,A.D.,5 trees and 4 planks,12,,689,0.61,0.066,186,109,25.4,121,11200,2350,122,0.121,0.048,110,0.259,0.111,110,0.84,0.327,117,58.7,10.11,186,6850,1323,122,17.6,3.16,156,14.9,2.36,70,23.3,3.39,71
148,Hardwoods,Danta,Nesogordonia papaverifera,Nigeria,G.,,,,,,,,,,,,,,,,,,,,,,,,,,,,,,,,,,,,,
149,Hardwoods,Danta,Nesogordonia papaverifera,Nigeria,A.D.,2 planks,12,,833,0.74,0.041,37,137,10.4,11,11700,450,11,0.172,0.049,11,0.324,0.09,11,1.09,0.303,11,69.3,2.12,30,9520,1133,36,21.2,1.01,30,28.9,2.98,8,30.1,6.15,8
150,Hardwoods,"Ebony, African",Diospyros ?crassiflora,Nigeria,G.,,,,,,,,,,,,,,,,,,,,,,,,,,,,,,,,,,,,,
151,Hardwoods,"Ebony, African",Diospyros ?crassiflora,Nigeria,A.D.,6,12,,1009,0.9,0.043,47,189,15.3,13,17700,1830,13,0.236,0.064,13,0.529,0.259,11,1.5,0.259,11,92.0,7.62,32,14320,1264,37,19.4,4.94,36,12.8,4.0,14,17.7,3.03,14
152,Hardwoods,"Ebony, African",Diospyros ?mespiliformis,West Africa,G.,,,,,,,,,,,,,,,,,,,,,,,,,,,,,,,,,,,,,
153,Hardwoods,"Ebony, African",Diospyros ?mespiliformis,West Africa,A.D.,10 planks,12,,817,0.73,0.037,71,117,15.9,21,10700,1670,21,0.153,0.042,21,0.387,0.093,20,1.19,0.336,19,58.7,5.63,68,9470,967,53,19.2,2.99,42,13.3,4.68,17,23.3,4.11,17
154,Hardwoods,Ekki,Lophira alata,West Africa,G.,11,43,1292,,0.86,0.029,57,118,12.6,50,13600,1530,50,0.11,0.028,27,0.238,0.045,27,1.35,0.259,56,65.6,5.35,57,12030,1427,57,15.2,1.69,114,16.3,1.6,49,29.6,2.99,49
155,Hardwoods,Ekki,Lophira alata,West Africa,A.D.,11,14.7,,1051,0.94,0.033,58,164,27.1,51,16200,2180,51,0.164,0.056,19,0.349,0.11,19,1.2,0.266,50,85.0,8.02,58,14700,1273,58,23.5,3.23,116,18.4,3.02,49,32.0,5.01,49
156,Hardwoods,"Elm, English",Ulmus procera,United Kingdom,G.,16,140,641,,0.43,0.028,494,40,5.6,58,5200,1020,58,0.064,0.02,57,0.121,0.038,25,0.66,0.144,41,16.9,2.51,494,3380,761,320,7.9,1.69,328,13.3,1.47,109,15.2,1.81,118
157,Hardwoods,"Elm, English",Ulmus procera,United Kingdom,A.D.,16,12,,513,0.46,0.025,257,68,6.7,24,7000,840,24,0.074,0.02,24,0.128,0.051,23,0.58,0.153,18,33.9,3.48,257,3650,528,171,12.5,1.2,124,14.0,2.62,57,16.8,2.47,57
158,Hardwoods,"Elm, Dutch",Ulmus hollandica var. hollandica,United Kingdom,G.,18,139,641,,0.43,0.029,581,44,5.7,95,5400,1040,95,0.08,0.023,94,0.173,0.054,38,0.81,0.239,59,18.7,2.4,581,3380,646,292,7.6,1.3,448,13.3,1.7,123,15.2,1.57,131
159,Hardwoods,"Elm, Dutch",Ulmus hollandica var. hollandica,United Kingdom,A.D.,18,12,,513,0.46,0.032,333,74,10.7,52,7200,1100,52,0.094,0.032,52,0.168,0.068,28,0.71,0.157,38,34.0,4.98,333,3870,617,192,11.7,1.66,214,14.0,2.53,79,16.8,2.28,78
160,Hardwoods,"Elm, wych",Ulmus glabra,United Kingdom,G.,12,75,753,,0.5,0.037,395,68,7.0,102,9400,1250,102,0.116,0.032,102,0.219,0.068,31,0.81,0.197,57,30.4,3.86,395,3960,655,215,8.3,0.99,156,16.1,2.33,82,18.6,2.18,84
161,Hardwoods,"Elm, wych",Ulmus glabra,United Kingdom,A.D.,12,12,,609,0.55,0.037,303,105,11.8,70,10600,1360,70,0.15,0.032,68,0.283,0.075,24,1.09,0.175,64,49.2,6.37,303,4490,720,197,12.9,1.85,196,20.5,2.62,96,24.5,2.27,96
162,Hardwoods,Esia,Combretodendron macrocarpum,West Africa,G.,,,,,,,,,,,,,,,,,,,,,,,,,,,,,,,,,,,,,
163,Hardwoods,Esia,Combretodendron macrocarpum,West Africa,A.D.,2 planks,12,,865,0.77,0.026,54,140,8.3,9,14500,860,9,0.141,0.022,9,0.246,0.042,8,1.14,0.088,9,74.9,8.02,53,9700,715,47,15.4,1.81,26,22.6,4.17,15,28.5,4.44,15
164,Hardwoods,Freijo,Cordia goeldiana,Brazil,G.,,,,,,,,,,,,,,,,,,,,,,,,,,,,,,,,,,,,,
165,Hardwoods,Freijo,Cordia goeldiana,Brazil,A.D.,10 planks,12,,577,0.52,0.061,88,97,12.7,54,12000,1070,54,0.109,0.023,54,0.199,0.038,54,,,,54.3,6.79,88,4450,909,59,10.2,2.07,82,12.1,2.75,38,10.9,2.2,38
166,Hardwoods,Gagil,Hopea sangal,Sabah,G.,5,61,817,,0.55,0.067,38,90,13.8,38,10800,1530,38,,,,,,,0.71,0.145,38,46.5,7.57,38,3780,895,38,9.4,1.64,76,,,,,,
167,Hardwoods,Gagil,Hopea sangal,Sabah,A.D.,5,12.2,,641,0.58,0.075,38,117,18.1,38,12900,2020,38,,,,,,,0.89,0.131,38,60.4,9.56,38,4670,1046,38,12.5,3.12,76,,,,,,
168,Hardwoods,Gedu nohor,Entandrophragma angolense,East Africa,G.,3 logs,74,705,,0.47,0.054,94,52,5.3,20,6900,660,20,0.062,0.017,20,0.125,0.045,20,0.51,0.112,18,25.4,4.82,75,3420,892,52,7.4,1.2,36,12.1,1.92,18,14.0,1.52,18
169,Hardwoods,Gedu nohor,Entandrophragma angolense,East Africa,A.D.,2 logs,12,,561,0.5,0.058,93,77,14.2,16,8600,1100,16,0.066,0.028,20,0.112,0.056,20,0.61,0.179,16,45.2,6.92,77,4180,1298,67,12.5,1.83,64,14.5,3.13,24,16.1,2.58,24
170,Hardwoods,Gmelina,Gmelina arborea,West Africa,G.,5 trees and 1 plank,100,625,,0.42,0.041,41,54,9.5,40,5900,920,40,0.08,0.032,40,0.225,0.074,40,0.69,0.188,41,25.6,4.62,41,3250,661,41,8.5,1.52,82,,,,,,
171,Hardwoods,Gmelina,Gmelina arborea,West Africa,A.D.,5 trees and 1 plank,12,,481,0.43,0.04,41,64,10.1,41,6300,1080,40,,,,,,,0.43,0.154,40,36.3,4.81,41,3070,745,41,11.4,1.92,82,,,,,,
172,Hardwoods,Greenheart,Ocotea rodiaei,Guyana,G.,65 pieces,37,1250,,0.83,0.05,165,144,15.6,164,15900,1510,116,0.088,0.023,116,0.168,0.038,116,1.3,0.245,163,72.5,9.29,165,8500,1124,164,15.0,2.11,332,17.0,3.84,151,23.3,3.42,150
173,Hardwoods,Greenheart,Ocotea rodiaei,Guyana,A.D.,65 pieces,13.6,,1009,0.9,0.052,205,190,22.3,202,21900,2090,202,0.212,0.048,174,0.371,0.089,174,1.4,0.226,194,98.5,11.25,205,10050,1482,204,20.8,3.29,404,15.7,4.58,197,23.3,4.61,194
174,Hardwoods,Grumixava,Micropholis gardnerianum,Brazil,G.,,,,,,,,,,,,,,,,,,,,,,,,,,,,,,,,,,,,,
175,Hardwoods,Grumixava,Micropholis gardnerianum,Brazil,A.D.,20 pieces,12.9,,693,0.62,0.051,108,116,12.2,52,11800,1300,52,0.129,0.026,52,0.163,0.039,52,0.92,0.132,54,57.5,5.3,108,6970,1470,52,16.4,2.92,92,15.8,2.85,28,24.4,4.01,28
176,Hardwoods,Guarea,Guarea cedrata,West Africa,G.,2,99,705,,0.47,0.021,60,74,3.7,12,8900,500,12,0.101,0.019,12,0.176,0.053,12,0.74,0.091,7,35.4,2.39,55,3870,349,32,10.8,0.88,32,14.9,2.2,18,19.3,1.63,18
177,Hardwoods,Guarea,Guarea cedrata,West Africa,A.D.,2,12,,545,0.49,0.022,66,103,8.0,25,9400,650,25,0.114,0.03,25,0.132,0.038,13,0.74,0.114,24,53.2,1.85,51,4000,412,51,15.4,1.16,42,12.8,1.57,19,17.7,1.14,19
178,Hardwoods,Guarea,Guarea thompsonii,West Africa,G.,4,52,817,,0.54,0.028,75,85,7.7,17,10600,1770,17,0.108,0.015,17,0.229,0.043,17,0.76,0.065,11,43.2,4.51,64,4230,582,38,10.5,0.95,28,13.7,2.13,15,12.4,1.77,15
179,Hardwoods,Guarea,Guarea thompsonii,West Africa,A.D.,4,12,,625,0.56,0.027,86,107,10.1,23,10800,1730,23,0.101,0.017,23,0.164,0.03,23,0.66,0.087,25,59.8,8.87,64,4890,388,64,13.5,2.46,42,8.4,1.72,25,6.8,1.77,25
180,Hardwoods,"Homalium, African",Homalium sp.,Nigeria,G.,,,,,,,,,,,,,,,,,,,,,,,,,,,,,,,,,,,,,
181,Hardwoods,"Homalium, African",Homalium sp.,Nigeria,A.D.,2,12,,865,0.77,0.06,161,125,11.5,47,15000,2110,47,0.122,0.047,47,0.236,0.061,27,0.84,0.121,37,62.0,7.49,126,9120,1759,123,17.7,5.14,72,10.5,1.86,28,25.7,4.33,28
182,Hardwoods,Hora,Dipterocarpus zeylanicus,Sri Lanka,G.,8,67,977,,0.65,0.031,358,90,7.7,192,13500,1310,100,0.072,0.017,100,0.158,0.028,49,0.71,0.086,106,47.9,4.02,319,5600,924,133,9.9,1.22,130,16.8,2.51,66,19.8,2.76,63
183,Hardwoods,Hora,Dipterocarpus zeylanicus,Sri Lanka,A.D.,8,12,,801,0.71,0.031,336,124,10.8,109,15900,1280,109,0.107,0.023,109,0.178,0.035,32,0.89,0.077,96,70.0,5.76,332,6140,775,142,13.9,2.09,122,14.0,2.93,63,14.9,3.74,64
184,Hardwoods,Hornbeam,Carpinus betulus,United Kingdom,G.,12,71,865,,0.57,0.034,146,66,5.9,26,9700,940,26,0.169,0.025,26,0.457,0.056,12,1.27,0.232,16,27.0,2.93,139,5470,447,31,9.9,1.17,38,17.7,2.69,19,23.3,2.94,19
185,Hardwoods,Hornbeam,Carpinus betulus,United Kingdom,A.D.,12,12,,737,0.65,0.035,122,119,7.6,8,11900,850,8,0.143,0.027,8,0.233,0.099,4,1.14,0.201,7,55.0,4.57,106,6980,919,35,17.7,2.68,42,20.8,2.93,17,31.7,3.23,18
186,Hardwoods,"Horse-chestnut, European",Aesculus hippocastanum,United Kingdom,G.,3 planks,80,657,,0.44,0.03,516,41,5.7,151,5300,940,151,0.094,0.047,151,0.177,0.078,150,,,,17.4,2.85,199,2580,1601,166,,,,,,,,,
187,Hardwoods,"Horse-chestnut, European",Aesculus hippocastanum,United Kingdom,A.D.,3 planks,12,,529,0.47,0.033,341,71,9.0,146,6300,750,146,0.093,0.044,37,0.105,0.067,37,,,,40.3,4.26,195,3340,584,146,,,,,,,,,
188,Hardwoods,Idigbo,Terminalia ivorensis,West Africa,G.,,,,,,,,,,,,,,,,,,,,,,,,,,,,,,,,,,,,,
189,Hardwoods,Idigbo,Terminalia ivorensis,West Africa,A.D.,6 logs and 16 planks,12,,545,0.49,0.061,266,83,14.7,72,9300,1560,72,0.066,0.026,72,0.099,0.044,72,0.51,0.134,60,47.8,5.57,221,3740,1370,239,12.1,1.98,247,10.5,2.32,112,12.4,2.85,107
190,Hardwoods,Ipe,Tabebuia sp.,Brazil,G.,,,,,,,,,,,,,,,,,,,,,,,,,,,,,,,,,,,,,
191,Hardwoods,Ipe,Tabebuia sp.,Brazil,A.D.,5 planks,12,,993,0.89,0.06,34,137,28.9,24,13900,1690,24,0.139,0.072,24,0.415,0.215,24,,,,77.6,6.03,25,12720,1543,25,19.4,2.74,42,19.3,5.48,19,14.9,2.17,19
192,Hardwoods,Iroko,Chlorophora excelsa,West Africa,G.,2,92,817,,0.54,0.037,77,74,7.4,27,8300,1010,27,0.088,0.017,27,0.184,0.037,27,0.71,0.09,22,35.3,4.06,71,4800,681,33,10.3,1.63,44,15.8,2.35,20,18.6,3.24,20
193,Hardwoods,Iroko,Chlorophora excelsa,West Africa,A.D.,2 trees and 7 planks,12,,657,0.58,0.047,228,90,14.7,73,9400,1090,73,0.076,0.026,73,0.123,0.06,73,0.58,0.17,61,54.5,7.45,204,5600,1152,167,14.1,2.42,160,12.1,2.27,76,15.2,2.75,76
194,Hardwoods,Ironbark,Eucalyptus paniculata,Australia,G.,3,34,1346,,0.9,0.035,18,121,7.4,7,18100,1660,7,0.101,0.047,7,0.279,,,1.17,0.126,2,67.6,7.58,18,10850,1422,6,17.2,1.04,6,13.7,6.6,4,18.9,2.44,4
195,Hardwoods,Ironbark,Eucalyptus paniculata,Australia,A.D.,3,12,,1137,1.01,0.054,13,236,20.5,9,22700,2560,9,,,,,,,,,,111.8,8.04,10,15920,801,3,22.3,2.77,4,6.5,,1,10.0,,1
196,Hardwoods,Jarrah,Eucalyptus marginata,Australia,G.,28,59,1009,,0.68,0.044,28,72,10.4,26,9600,1770,28,,,,0.103,,,,,,37.2,5.11,27,5690,980,27,10.3,1.15,54,14.5,2.51,28,15.4,2.62,28
197,Hardwoods,Jarrah,Eucalyptus marginata,Australia,A.D.,28,12,,865,0.77,0.06,28,118,18.6,28,12100,2150,28,,,,0.194,,,,,,63.5,6.83,28,8500,1321,28,16.7,2.34,50,17.2,4.59,26,18.7,4.96,27
198,Hardwoods,Jequitiba,Cariniana sp.,Brazil,G.,,,,,,,,,,,,,,,,,,,,,,,,,,,,,,,,,,,,,
199,Hardwoods,Jequitiba,Cariniana sp.,Brazil,A.D.,9 planks,12,,577,0.52,0.041,104,95,12.6,35,9700,1670,35,0.116,0.04,35,0.21,0.076,35,0.89,0.182,35,49.0,5.17,104,4540,619,100,14.0,1.48,107,16.5,3.28,52,16.5,2.56,50
200,Hardwoods,"Kapur, Sabah",Dryobalanops beccarii,Sabah,G.,5,64,865,,0.58,0.053,43,81,11.4,43,10900,1250,43,,,,,,,0.71,0.104,43,41.2,5.63,43,3870,771,43,8.5,1.32,86,,,,,,
201,Hardwoods,"Kapur, Sabah",Dryobalanops beccarii,Sabah,A.D.,5,12.7,,705,0.63,0.054,45,117,15.5,45,13300,1890,45,,,,,,,0.86,0.099,44,66.4,6.75,45,5340,1266,45,12.7,1.74,90,,,,,,
202,Hardwoods,"Kapur, Sabah",Dryobalanops keithii,Sabah,G.,5,73,902,,0.6,0.036,46,81,11.1,45,12400,2210,45,0.074,0.023,15,0.15,0.044,15,0.74,0.099,44,42.9,4.78,46,4400,627,45,8.8,1.05,92,11.9,1.27,46,17.5,2.07,46
203,Hardwoods,"Kapur, Sabah",Dryobalanops keithii,Sabah,A.D.,5,14.6,,729,0.65,0.039,49,112,18.0,43,15100,3130,43,0.123,0.031,15,0.183,0.039,15,0.89,0.151,45,61.9,7.27,49,4850,642,49,12.1,1.48,87,13.0,2.29,37,18.2,3.11,37
204,Hardwoods,"Kapur, Sabah",Dryobalanops lanceolata,Sabah,G.,5,64,865,,0.58,0.034,117,88,6.6,43,11000,1310,43,0.108,0.014,19,0.208,0.028,19,0.74,0.118,43,42.9,4.66,117,4360,516,43,8.1,1.14,42,12.4,1.08,21,19.6,1.97,21
205,Hardwoods,"Kapur, Sabah",Dryobalanops lanceolata,Sabah,A.D.,5,12,,721,0.64,0.046,109,126,13.3,42,13000,1750,42,0.13,0.036,23,0.199,0.048,23,0.94,0.149,42,69.6,8.04,109,5470,772,42,13.7,1.14,44,11.7,0.91,21,17.2,2.97,21
206,Hardwoods,Karri,Eucalyptus diversicolor,Australia,G.,26,64,1041,,0.7,0.033,26,77,9.7,26,13400,2240,26,0.08,,,0.217,,,,,,37.6,6.11,26,6050,1033,26,10.4,1.6,42,14.7,2.46,26,18.6,4.13,26
207,Hardwoods,Karri,Eucalyptus diversicolor,Australia,A.D.,21,12,,913,0.82,0.035,21,139,11.1,21,17900,2320,21,0.175,,,0.346,,,,,,74.5,7.45,21,9030,1181,20,16.7,3.56,40,9.5,2.41,20,17.2,5.1,20
208,Hardwoods,Kataboda,Cullenia ceylanica,Sri Lanka,G.,5,39,769,,0.51,0.043,42,74,11.3,34,11000,1520,34,0.09,0.025,34,0.154,0.052,34,0.71,0.144,37,35.4,5.46,42,3200,629,37,8.3,1.18,38,9.8,1.2,18,11.9,2.6,18
209,Hardwoods,Kataboda,Cullenia ceylanica,Sri Lanka,A.D.,5,12,,625,0.55,0.043,42,112,14.4,36,12200,1340,36,0.124,0.036,36,0.178,0.055,36,1.04,0.134,34,63.6,6.9,42,4540,890,36,11.8,1.52,36,10.9,1.84,18,13.0,2.57,18
210,Hardwoods,"Keruing, Sabah",Dipterocarpus caudiferus,Sabah,G.,5,75,753,,0.51,0.038,91,70,10.1,46,12800,2140,46,0.081,0.019,23,0.17,0.041,23,0.69,0.069,42,35.4,4.65,91,3200,778,44,7.2,1.12,52,10.9,1.53,25,14.9,2.73,25
211,Hardwoods,"Keruing, Sabah",Dipterocarpus caudiferus,Sabah,A.D.,5,12,,641,0.58,0.045,86,110,12.0,41,13700,1310,41,0.134,0.031,21,0.223,0.038,21,0.97,0.102,43,59.6,4.65,86,4580,770,41,12.2,1.96,38,14.4,1.38,23,18.9,2.97,23
212,Hardwoods,"Keruing, Sabah",Dipterocarpus acutangulus,Sabah,G.,4,63,913,,0.6,0.03,97,82,9.6,45,11800,1310,45,0.096,0.031,23,0.209,0.047,23,0.81,0.159,48,39.2,5.41,97,4710,510,45,8.1,1.24,48,14.4,1.55,25,19.8,3.43,25
213,Hardwoods,"Keruing, Sabah",Dipterocarpus acutangulus,Sabah,A.D.,4,12,,769,0.69,0.048,94,137,14.7,45,14300,2350,45,0.162,0.025,21,0.24,0.048,21,1.04,0.13,46,72.4,7.36,94,5650,827,45,14.3,1.81,48,14.7,2.5,29,21.4,2.58,29
214,Hardwoods,"Keruing, Malaysian",Dipterocarpus sp.,Peninsular Malaysia,G.,1,52,929,,0.62,0.016,45,83,5.2,24,16000,780,24,0.078,0.018,24,0.151,0.032,9,0.69,0.061,16,43.1,3.3,44,4090,488,25,,,,12.8,0.77,8,16.1,0.41,7
215,Hardwoods,"Keruing, Malaysian",Dipterocarpus sp.,Peninsular Malaysia,A.D.,1 tree and 100 pieces,12.1,,849,0.75,0.053,144,144,20.9,115,17600,2340,115,0.166,0.045,56,0.249,0.078,48,1.09,0.166,106,78.9,8.89,143,6580,1177,112,13.4,1.73,200,16.5,3.17,106,18.9,2.56,106
216,Hardwoods,Kurokai,Protium decandrum,Guyana,G.,5,72,801,,0.53,0.045,270,76,9.8,89,10100,1460,89,0.089,0.033,23,0.201,0.073,23,0.74,0.155,96,36.4,4.22,85,4310,777,89,10.5,1.48,84,12.3,1.89,36,15.8,2.43,36
217,Hardwoods,Kurokai,Protium decandrum,Guyana,A.D.,5,12,,641,0.57,0.048,115,116,18.0,46,12100,1700,46,0.148,0.042,17,0.228,0.06,17,0.94,0.212,38,63.4,4.95,115,5160,824,45,16.5,2.41,63,12.6,2.02,33,14.0,2.37,33
218,Hardwoods,Landa,Erythroxylum mannii,West Africa,G.,,,,,,,,,,,,,,,,,,,,,,,,,,,,,,,,,,,,,
219,Hardwoods,Landa,Erythroxylum mannii,West Africa,A.D.,10 planks,12,,657,0.58,0.036,70,103,14.1,26,11400,1210,26,0.101,0.049,26,0.203,0.127,26,0.84,0.245,22,53.6,4.75,70,4580,860,35,14.2,1.26,56,15.8,2.7,24,14.9,2.51,24
220,Hardwoods,Lapacho,Tabebuia sp.,Brazil,G.,,,,,,,,,,,,,,,,,,,,,,,,,,,,,,,,,,,,,
221,Hardwoods,Lapacho,Tabebuia sp.,Brazil,A.D.,2 planks,12,,929,0.82,0.039,75,150,14.5,17,14200,1330,17,0.163,0.04,17,0.531,0.128,17,1.35,0.252,17,77.9,5.54,75,11610,1582,62,19.9,2.49,40,19.3,3.57,21,16.5,4.62,21
222,Hardwoods,Laran,Anthocephalus chinensis,Sabah,G.,5,138,567,,0.38,0.056,50,54,9.8,48,7600,1350,48,0.071,0.02,15,0.154,0.031,15,0.58,0.132,47,27.7,5.8,50,2090,510,49,6.2,1.7,100,6.8,1.84,48,11.7,3.13,48
223,Hardwoods,Laran,Anthocephalus chinensis,Sabah,A.D.,5,12.1,,454,0.41,0.059,48,77,16.0,45,8700,1660,45,0.089,0.031,14,0.159,0.053,14,0.74,0.162,46,45.3,7.34,48,2670,753,48,8.9,2.19,96,7.0,1.44,46,11.2,2.38,46
224,Hardwoods,"Laurel, Chilean",Laurelia sempervirens,Chile,G.,,,,,,,,,,,,,,,,,,,,,,,,,,,,,,,,,,,,,
225,Hardwoods,"Laurel, Chilean",Laurelia sempervirens,Chile,A.D.,10 planks,12,,561,0.5,0.039,65,90,11.5,15,9800,1690,15,0.069,0.017,15,0.091,0.024,15,0.56,0.101,14,47.1,7.54,59,3650,644,55,13.7,1.88,68,16.5,2.11,26,19.8,2.17,26
226,Hardwoods,"Lime, European",Tilia vulgaris,United Kingdom,G.,2,52,657,,0.44,0.035,89,54,5.0,24,9200,700,24,0.084,0.019,24,0.186,0.023,24,0.61,0.051,24,26.1,3.86,83,2850,375,78,7.3,1.23,62,10.0,1.05,23,14.0,1.86,23
227,Hardwoods,"Lime, European",Tilia vulgaris,United Kingdom,A.D.,2,12,,561,0.5,0.036,90,92,6.8,25,11200,790,25,0.145,0.014,25,0.205,0.023,25,0.76,0.067,29,47.6,4.96,65,3160,491,73,11.0,1.44,68,15.8,1.68,34,21.7,2.0,34
228,Hardwoods,Lingue,Persea lingue,Chile,G.,,,,,,,,,,,,,,,,,,,,,,,,,,,,,,,,,,,,,
229,Hardwoods,Lingue,Persea lingue,Chile,A.D.,5 planks,12,,577,0.52,0.031,30,90,7.0,21,10100,730,21,0.088,0.018,21,0.119,0.043,21,,,,48.4,4.65,26,3780,464,26,12.8,1.38,24,13.3,1.93,11,14.9,1.74,11
230,Hardwoods,Maho,Sterculia pruriens,Guyana,G.,,,,,,,,,,,,,,,,,,,,,,,,,,,,,,,,,,,,,
231,Hardwoods,Maho,Sterculia pruriens,Guyana,A.D.,1,12,,529,0.48,0.074,89,86,16.5,27,11100,1610,27,0.089,0.025,27,0.157,0.045,11,0.69,0.126,37,49.1,6.76,89,3510,1245,79,8.5,1.95,41,8.4,1.23,21,11.7,2.78,22
232,Hardwoods,"Mahogany, African",Khaya anthotheca,Uganda,G.,4,61,657,,0.44,0.029,529,53,7.6,197,7400,1170,197,0.072,0.026,197,0.193,0.052,55,0.71,0.127,101,25.4,4.02,504,3250,490,126,8.3,1.16,130,13.7,1.9,74,15.2,2.17,68
233,Hardwoods,"Mahogany, African",Khaya anthotheca,Uganda,A.D.,4,12,,513,0.46,0.029,551,83,12.0,100,9000,1320,100,0.082,0.03,99,0.135,0.032,56,0.64,0.151,33,44.3,5.1,407,3830,610,121,12.5,1.69,127,11.7,1.68,60,13.3,2.34,55
234,Hardwoods,"Mahogany, African",Khaya anthotheca,Ghana,G.,5,54,657,,0.44,0.035,118,60,8.8,56,7700,1160,56,0.083,0.02,21,0.203,0.054,21,0.64,0.139,52,28.4,5.32,118,3250,607,56,8.8,1.56,60,11.6,1.77,24,16.3,2.18,24
235,Hardwoods,"Mahogany, African",Khaya anthotheca,Ghana,A.D.,5,12,,529,0.46,0.038,111,83,11.0,54,9200,1250,54,0.082,0.023,24,0.118,0.036,24,0.56,0.111,52,45.9,5.75,111,4140,703,54,13.9,2.62,48,12.3,1.66,28,15.9,1.8,28
236,Hardwoods,"Mahogany, heavy African",Khaya grandifoliola,Nigeria,G.,5,54,817,,0.54,0.056,110,69,12.5,44,9100,1560,44,0.081,0.027,20,0.201,0.056,20,0.74,0.142,44,35.9,5.79,110,5200,1327,44,12.1,2.11,42,15.4,2.24,23,18.9,2.11,23
237,Hardwoods,"Mahogany, heavy African",Khaya grandifoliola,Nigeria,A.D.,5,12,,641,0.57,0.049,83,97,15.0,41,10600,1390,41,0.099,0.025,21,0.206,0.045,21,0.64,0.158,41,55.2,5.58,83,6090,933,41,17.3,2.92,28,14.0,1.67,17,18.4,2.47,17
238,Hardwoods,"Mahogany, African",Khaya ivorensis,Nigeria and Ghana,G.,11,64,641,,0.42,0.039,264,54,10.8,215,7400,1560,216,0.06,0.02,67,0.152,0.057,67,0.56,0.137,225,26.8,5.54,264,2850,370,212,7.3,1.38,212,9.8,1.82,105,13.5,2.2,105
239,Hardwoods,"Mahogany, African",Khaya ivorensis,Nigeria and Ghana,A.D.,11,12,,497,0.44,0.04,294,78,15.0,129,9000,1520,129,0.07,0.026,49,0.128,0.044,49,0.58,0.149,113,46.4,8.45,294,3690,816,128,11.8,2.56,120,10.0,2.08,62,14.0,2.9,62
240,Hardwoods,"Mahogany, African",Khaya nyasica,Tanzania,G.,3,66,705,,0.47,0.036,65,63,7.5,32,7300,930,32,0.07,0.021,32,0.21,0.08,32,0.71,0.18,31,33.2,3.69,65,3830,716,32,10.4,1.68,60,11.9,1.75,33,15.4,2.12,33
241,Hardwoods,"Mahogany, African",Khaya nyasica,Tanzania,A.D.,2,12.4,,545,0.49,0.072,43,76,14.1,15,7800,900,15,0.066,0.021,15,0.109,0.032,15,0.48,0.124,16,42.4,6.94,43,4230,1182,21,13.8,2.84,42,11.0,2.35,24,14.0,3.43,24
242,Hardwoods,"Mahogany, American",Swietenia macrophylla,Belize,G.,,,,,,,,,,,,,,,,,,,,,,,,,,,,,,,,,,,,,
243,Hardwoods,"Mahogany, American",Swietenia macrophylla,Belize,A.D.,2,12,,497,0.44,0.03,90,83,7.8,36,8800,650,36,0.083,0.017,36,0.108,0.021,36,0.58,0.078,35,44.2,4.32,74,3110,607,55,12.7,2.56,53,10.9,2.07,27,14.5,2.38,27
244,Hardwoods,"Mahogany, American",Swietenia sp.,Brazil,G.,,,,,,,,,,,,,,,,,,,,,,,,,,,,,,,,,,,,,
245,Hardwoods,"Mahogany, American",Swietenia sp.,Brazil,A.D.,60 planks,11.4,,581,0.52,0.064,168,89,14.2,117,8600,1220,116,0.069,0.016,50,0.084,0.024,50,0.51,0.108,79,56.0,7.79,168,5480,1691,80,14.3,3.31,188,11.8,1.77,85,15.0,2.0,85
246,Hardwoods,Makore,Tieghemella heckelii,Ghana,G.,4,44,801,,0.54,0.039,192,75,10.3,64,8200,1300,64,0.114,0.025,64,0.241,0.056,16,0.76,0.145,64,36.5,4.78,64,4140,629,64,10.7,1.29,60,15.9,1.95,31,17.9,1.72,31
247,Hardwoods,Makore,Tieghemella heckelii,Ghana,A.D.,4,12,,609,0.54,0.03,220,101,12.0,73,10100,1250,73,0.09,0.023,22,0.116,0.045,22,0.69,0.12,66,53.3,5.46,81,4940,620,73,14.3,1.6,64,16.3,2.65,36,17.5,3.04,36
248,Hardwoods,Mandioquera,Qualea sp.,Brazil,G.,7 planks,36,897,,0.6,0.042,31,81,11.0,28,12800,1640,28,0.077,0.035,28,0.146,0.077,28,,,,43.1,5.61,29,4050,741,19,10.4,1.48,22,11.7,2.64,10,14.0,1.4,10
249,Hardwoods,Mandioquera,Qualea sp.,Brazil,A.D.,10 planks,12,,769,0.68,0.06,56,138,16.4,42,17700,2240,42,0.123,0.039,42,0.199,0.051,42,,,,81.6,8.77,56,7700,1173,46,15.5,1.76,38,12.8,2.95,22,12.8,3.03,22
250,Hardwoods,Mansonia,Mansonia altissima,Nigeria,G.,1,44,801,,0.54,0.01,11,90,2.0,6,9700,530,6,0.138,0.026,6,0.288,0.025,3,1.02,0.072,4,44.1,1.08,11,5380,254,5,12.5,0.98,5,16.5,1.55,3,19.3,1.09,3
251,Hardwoods,Mansonia,Mansonia altissima,Nigeria,A.D.,1,12,,641,0.57,0.012,13,122,8.3,4,10900,1350,4,0.153,0.019,4,0.263,0.045,4,1.14,0.106,3,58.6,2.9,11,5740,201,6,15.4,1.02,8,11.2,0.91,4,14.5,2.56,4
252,Hardwoods,Mchenga,Julbernardia globiflora,Tanzania,G.,,,,,,,,,,,,,,,,,,,,,,,,,,,,,,,,,,,,,
253,Hardwoods,Mchenga,Julbernardia globiflora,Tanzania,A.D.,1 tree and 8 logs,12,,961,0.86,0.064,136,147,21.8,43,15600,1820,43,0.125,0.039,43,0.279,0.08,43,1.12,0.253,33,80.7,9.1,102,10990,2720,98,20.5,2.5,70,16.5,3.96,32,16.8,4.71,32
254,Hardwoods,Mengkulang,Heritiera simplicifolia,Peninsular Malaysia,G.,2,61,801,,0.53,0.039,20,81,12.6,20,11700,810,20,,,,,,,0.86,0.188,20,39.8,6.14,20,4180,948,20,9.7,1.3,40,,,,,,
255,Hardwoods,Mengkulang,Heritiera simplicifolia,Peninsular Malaysia,A.D.,2,12.9,,657,0.59,0.042,19,117,8.2,19,13200,890,19,,,,,,,0.99,0.19,19,61.2,4.34,19,5070,956,19,13.6,1.71,38,,,,,,
256,Hardwoods,Mengkulang,Heritiera simplicifolia,Sabah,G.,5,62,753,,0.5,0.054,46,81,12.2,46,10700,1410,46,,,,,,,0.84,0.209,46,41.3,5.71,46,4230,859,46,8.5,1.74,92,,,,,,
257,Hardwoods,Mengkulang,Heritiera simplicifolia,Sabah,A.D.,5,12.8,,609,0.54,0.056,46,110,13.8,46,12000,1400,46,,,,,,,0.91,0.16,44,60.7,6.46,46,5870,1450,46,12.2,2.0,92,,,,,,
258,Hardwoods,"Meranti, light red",Shorea dasyphylla,Peninsular Malaysia,G.,2,56,609,,0.41,0.032,26,63,8.6,12,9700,950,12,0.074,0.017,12,0.166,0.026,6,0.66,0.075,5,32.0,2.89,24,2490,430,13,10.5,1.75,9,12.1,1.61,9,,,
259,Hardwoods,"Meranti, light red",Shorea dasyphylla,Peninsular Malaysia,A.D.,2,12,,481,0.43,0.043,35,88,8.0,19,10500,740,19,0.099,0.019,19,0.174,0.044,7,0.76,0.059,9,50.1,4.72,34,2800,700,11,14.0,2.56,6,14.9,2.76,6,,,
260,Hardwoods,Mgongo,Sclerocarya sp.,Tanzania,G.,2,81,657,,0.44,0.05,72,28,8.4,24,2400,750,17,0.132,0.067,24,0.201,0.057,24,,,,12.4,3.64,25,2670,554,24,6.0,1.62,24,9.1,2.22,11,11.0,2.23,11
261,Hardwoods,Mgongo,Sclerocarya sp.,Tanzania,A.D.,2,12,,561,0.5,0.08,35,53,12.9,14,3900,890,14,,,,,,,,,,35.1,6.56,35,4230,711,14,12.9,2.15,28,20.0,4.69,13,22.1,4.54,13
262,Hardwoods,Missanda,Erythrophleum sp.,Tanzania,G.,3,33,1362,,0.9,0.078,71,124,13.6,26,13300,1560,26,0.117,0.033,26,,,,1.07,0.12,20,71.2,12.29,25,10320,1608,21,16.7,2.43,20,20.1,2.32,10,22.9,2.51,10
263,Hardwoods,Missanda,Erythrophleum sp.,Tanzania,A.D.,3,12,,1025,0.92,0.082,26,162,15.3,12,15400,1990,12,0.142,0.037,12,0.283,0.076,12,0.86,0.111,12,97.2,13.85,26,12990,2211,12,24.0,3.65,28,16.5,3.05,12,20.7,2.43,12
264,Hardwoods,Mjombo,Brachystegia sp.,Tanzania,G.,,,,,,,,,,,,,,,,,,,,,,,,,,,,,,,,,,,,,
265,Hardwoods,Mjombo,Brachystegia sp.,Tanzania,A.D.,7,12,,817,0.72,0.05,102,125,25.6,37,12500,1730,37,0.127,0.055,37,0.275,0.1,37,1.02,0.257,36,68.7,8.19,85,8760,1542,82,16.5,3.05,82,16.1,2.48,36,18.9,4.2,36
266,Hardwoods,Mora,Mora excelsa,Guyana and Trinidad,G.,10,59,1137,,0.76,0.038,255,94,7.7,53,14800,1450,57,0.085,0.021,57,0.215,0.065,18,0.86,0.089,27,49.4,7.27,218,7520,739,90,12.5,1.27,61,16.5,1.47,29,21.4,2.05,29
267,Hardwoods,Mora,Mora excelsa,Guyana and Trinidad,A.D.,24,12,,993,0.89,0.033,391,168,17.6,85,19200,1880,85,0.18,0.052,85,0.352,0.066,85,1.35,0.209,62,87.6,8.63,348,10940,1797,185,20.0,2.13,212,20.8,4.5,92,23.8,6.52,92
268,Hardwoods,Morabukea,Mora gonggrijpii,Guyana,G.,,,,,,,,,,,,,,,,,,,,,,,,,,,,,,,,,,,,,
269,Hardwoods,Morabukea,Mora gonggrijpii,Guyana,A.D.,9,12,,1025,0.91,0.04,99,185,15.9,44,20500,1320,44,0.208,0.055,44,0.369,0.067,44,1.42,0.235,34,97.8,8.87,91,13120,1864,83,20.7,2.96,114,19.3,4.37,43,24.9,4.87,42
270,Hardwoods,Mtondo,Brachystegia spiciformis,Tanzania,G.,,,,,,,,,,,,,,,,,,,,,,,,,,,,,,,,,,,,,
271,Hardwoods,Mtondo,Brachystegia spiciformis,Tanzania,A.D.,8,12,,817,0.73,0.037,95,125,16.6,36,13400,1230,36,0.136,0.052,36,0.364,0.097,36,1.09,0.193,36,68.5,7.34,87,8140,1127,80,16.3,2.03,104,15.8,2.61,47,14.5,3.37,47
272,Hardwoods,Mubura,Parinari excelsa,Uganda,G.,,,,,,,,,,,,,,,,,,,,,,,,,,,,,,,,,,,,,
273,Hardwoods,Mubura,Parinari excelsa,Uganda,A.D.,5,12,,753,0.68,0.06,145,123,13.6,31,13400,1870,31,0.103,0.034,31,0.203,0.08,31,0.81,0.193,31,65.6,6.04,145,7650,1696,106,18.2,3.19,108,14.0,3.81,50,27.0,4.62,50
274,Hardwoods,Muchenche,Newtonia buchanani,Uganda,G.,6,91,705,,0.47,0.065,95,68,12.2,40,9000,1930,40,0.077,0.028,24,0.169,0.074,24,0.66,0.176,43,32.8,6.81,95,4360,1333,40,9.4,1.93,48,12.3,1.72,26,18.4,3.88,26
275,Hardwoods,Muchenche,Newtonia buchanani,Uganda,A.D.,6,12,,561,0.5,0.073,93,97,12.9,30,9900,1100,30,0.103,0.033,18,0.214,0.078,18,0.71,0.242,42,50.1,8.9,93,4630,1131,30,14.0,3.23,48,11.4,1.68,24,17.2,4.46,24
276,Hardwoods,Mueri,Pygeum africanum,Kenya,G.,,,,,,,,,,,,,,,,,,,,,,,,,,,,,,,,,,,,,
277,Hardwoods,Mueri,Pygeum africanum,Kenya,A.D.,6 planks,12,,785,0.7,0.029,27,122,13.2,18,11300,1330,18,0.132,0.035,18,0.279,0.074,18,,,,63.0,6.83,16,8270,1064,23,16.2,7.07,5,22.9,2.53,9,,,
278,Hardwoods,Mugongo,Ricinodendron rautanenii,Zimbabwe,G.,6 planks,238,224,,0.15,0.017,11,14,1.1,3,1800,280,3,0.015,0.004,3,0.028,0.007,3,,,,5.9,0.75,6,530,75,6,,,,,,,,,
279,Hardwoods,Mugongo,Ricinodendron rautanenii,Zimbabwe,A.D.,6 planks,12,,176,0.16,0.013,17,17,1.6,3,1900,220,3,0.015,0.004,3,0.022,,2,,,,10.5,1.25,5,620,72,6,,,,,,,,,
280,Hardwoods,Muhimbi,Cynometra alexandri,Uganda,G.,3,46,1121,,0.74,0.04,138,94,17.1,50,9900,1610,50,0.098,0.034,50,0.228,0.094,50,1.12,0.277,48,48.5,8.32,40,7740,985,50,15.1,1.33,4,20.5,3.04,18,26.3,2.84,18
281,Hardwoods,Muhimbi,Cynometra alexandri,Uganda,A.D.,3,12,,865,0.77,0.041,63,151,24.6,29,14100,2160,29,0.197,0.068,8,0.321,0.108,8,1.04,0.325,27,71.7,7.02,63,11300,1218,29,22.9,1.94,26,14.7,2.91,13,17.9,3.64,13
282,Hardwoods,Muhuhu,Brachylaena hutchinsii,Tanzania,G.,9,31,1153,,0.77,0.043,124,92,22.6,42,8600,2000,42,0.088,0.032,22,0.185,0.061,22,0.69,0.223,43,53.6,7.08,124,8360,990,42,17.4,1.54,40,18.9,2.34,20,19.6,3.56,20
283,Hardwoods,Muhuhu,Brachylaena hutchinsii,Tanzania,A.D.,9,12,,881,0.79,0.051,123,112,25.5,44,10100,2070,44,0.093,0.029,23,0.131,0.049,23,0.56,0.201,46,70.3,9.31,123,9740,1243,44,23.4,2.51,60,13.1,3.04,28,18.4,2.91,28
284,Hardwoods,Mukeo,Dombeya sp.,East Africa,G.,,,,,,,,,,,,,,,,,,,,,,,,,,,,,,,,,,,,,
285,Hardwoods,Mukeo,Dombeya sp.,East Africa,A.D.,11 planks,12,,577,0.51,0.042,11,101,11.2,11,11700,970,11,0.13,0.019,11,0.171,0.029,11,,,,50.2,5.65,8,4140,1196,9,13.1,2.61,10,10.5,3.38,3,15.2,2.29,3
286,Hardwoods,Mukulungu,Autranella congolensis,Central Africa,G.,6 pieces,42,1144,,0.76,0.016,65,109,8.4,41,14200,1040,41,0.113,0.026,21,0.214,0.026,21,1.24,0.115,36,55.8,3.33,65,8270,578,41,13.6,1.04,94,18.7,1.18,35,22.4,1.94,35
287,Hardwoods,Mukulungu,Autranella congolensis,Central Africa,A.D.,6 pieces,13.6,,914,0.82,0.02,53,149,8.8,31,16600,1280,31,0.163,0.031,22,0.313,0.053,22,1.15,0.126,28,70.4,6.8,53,12630,845,31,19.8,1.36,72,18.0,1.85,34,19.3,2.04,34
288,Hardwoods,Muninga,Pterocarpus angolensis,Tanzania,G.,3,64,881,,0.59,0.048,74,85,22.0,22,7600,1520,22,0.104,0.047,22,0.312,0.18,22,0.99,0.338,26,40.6,7.56,26,5780,1241,22,12.5,1.77,26,16.6,2.45,13,16.5,2.13,13
289,Hardwoods,Muninga,Pterocarpus angolensis,Tanzania,A.D.,3,12,,657,0.59,0.055,33,94,24.5,17,8400,810,17,0.093,0.046,17,0.167,0.084,17,0.74,0.29,16,57.1,6.92,33,6580,1400,17,15.7,2.92,24,12.6,2.0,12,13.5,1.6,12
290,Hardwoods,Musizi,Maesopsis eminii,Uganda,G.,1,165,609,,0.41,0.021,73,55,4.3,31,8100,530,31,0.062,0.016,31,0.117,0.095,12,0.69,0.095,15,28.5,2.54,72,3020,321,15,7.4,0.59,16,13.3,1.25,8,14.5,1.75,8
291,Hardwoods,Musizi,Maesopsis eminii,Uganda,A.D.,1,12,,481,0.43,0.013,72,76,7.5,19,9200,480,19,0.066,0.028,19,0.142,0.038,7,0.56,0.17,12,46.0,2.52,67,3110,316,16,10.7,0.65,22,10.9,0.99,11,13.3,0.83,11
292,Hardwoods,Nargusta,Terminalia amazonia,Belize and Trinidad,G.,7,67,961,,0.64,0.088,60,94,11.8,31,13000,1940,31,0.123,0.034,31,0.246,0.054,31,,,,46.1,8.3,56,6000,1941,23,12.5,1.81,32,17.3,3.71,15,21.4,2.87,15
293,Hardwoods,Nargusta,Terminalia amazonia,Belize and Trinidad,A.D.,7,12,,785,0.69,0.107,50,132,17.9,14,14700,2550,14,0.15,0.041,14,0.229,0.082,14,0.86,0.179,8,71.5,8.74,43,7740,2491,34,16.4,2.65,28,10.0,2.78,13,14.9,4.42,13
294,Hardwoods,Niangon,Tarrietia utilis,Ghana,G.,7,47,817,,0.54,0.054,429,70,10.8,143,8400,1390,143,0.081,0.029,142,0.22,0.071,142,0.71,0.187,147,36.5,3.46,139,4670,804,143,10.0,1.46,128,13.0,2.79,74,16.3,3.53,74
295,Hardwoods,Niangon,Tarrietia utilis,Ghana,A.D.,7,12,,625,0.56,0.058,431,90,13.0,151,9500,1410,151,0.083,0.029,40,0.161,0.042,40,0.58,0.153,133,51.7,5.98,147,4890,902,151,12.7,1.79,144,13.1,2.12,65,15.4,2.63,65
296,Hardwoods,Niove,Staudtia stipitata,Central Africa,G.,1,52,1139,,0.76,0.022,55,123,8.8,38,14200,1110,38,0.116,0.035,15,0.215,0.035,15,0.99,0.095,35,66.6,6.05,55,8580,769,38,16.6,3.99,78,14.0,1.41,28,29.4,2.6,28
297,Hardwoods,Niove,Staudtia stipitata,Central Africa,A.D.,1,11.6,,894,0.8,0.023,51,162,8.7,33,15800,920,33,0.149,0.02,15,0.193,0.021,15,0.97,0.114,30,86.7,4.61,51,11560,739,33,20.7,5.36,66,13.1,1.31,35,26.8,2.14,35
298,Hardwoods,"Oak, European",Quercus spp.,United Kingdom,G.,21,89,833,,0.56,0.044,1044,59,8.0,262,8300,1670,262,0.079,0.019,262,0.178,0.05,88,0.86,0.195,134,27.6,4.64,1044,4670,770,281,9.1,1.35,294,15.8,1.63,134,18.9,1.98,138
299,Hardwoods,"Oak, European",Quercus spp.,United Kingdom,A.D.,21,12,,689,0.61,0.055,665,97,16.8,102,10100,1960,102,0.093,0.026,102,0.167,0.051,43,0.84,0.209,61,51.6,7.98,665,5470,911,151,13.7,2.38,184,14.5,2.86,56,20.1,2.08,59
300,Hardwoods,"Oak, red",Quercus rubra,United Kingdom,G.,8,72,865,,0.57,0.034,40,72,7.9,40,10500,1280,40,0.192,0.073,40,0.488,0.108,40,1.55,0.236,40,28.7,2.79,40,5520,866,40,9.2,0.85,80,,,,,,
301,Hardwoods,"Oak, red",Quercus rubra,United Kingdom,A.D.,8,12,,705,0.64,0.04,40,123,14.4,40,12500,1130,40,0.211,0.065,40,0.473,0.153,40,1.45,0.378,40,57.4,4.63,49,7340,1072,40,17.0,2.18,80,,,,,,
302,Hardwoods,"Oak, Turkey",Quercus cerris,United Kingdom,G.,6,68,929,,0.62,0.029,156,70,9.7,64,10100,1960,64,0.157,0.054,29,0.43,0.091,29,1.3,0.38,55,28.5,4.56,156,6180,961,64,11.2,1.52,74,18.9,2.7,39,23.1,3.52,39
303,Hardwoods,"Oak, Turkey",Quercus cerris,United Kingdom,A.D.,6,12,,785,0.7,0.035,125,130,11.3,54,11200,1410,54,0.191,0.052,24,0.351,0.107,24,1.4,0.264,49,57.6,5.14,125,8270,819,57,19.1,2.03,68,20.5,4.42,30,24.9,5.23,30
304,Hardwoods,Obeche,Triplochiton scleroxylon,Nigeria,G.,2,76,465,,0.3,0.021,120,37,3.6,34,4600,480,34,0.052,0.012,34,0.122,0.027,12,0.61,0.064,19,18.5,1.75,62,1870,428,23,5.2,0.37,10,8.1,0.96,13,6.8,1.02,13
305,Hardwoods,Obeche,Triplochiton scleroxylon,Nigeria,A.D.,2,12,,368,0.32,0.024,120,54,6.4,25,5500,620,25,0.058,0.01,25,0.095,0.015,11,0.48,0.072,19,28.2,3.0,65,1910,268,22,7.7,0.67,10,9.3,1.82,16,8.4,1.58,16
306,Hardwoods,Odoko,Scottellia coriacea,Nigeria,G.,2,65,849,,0.56,0.011,14,83,3.0,12,11300,830,12,0.107,0.024,12,0.194,0.038,12,,,,38.6,2.65,14,4400,258,6,10.0,1.09,8,14.9,1.06,5,20.8,2.8,5
307,Hardwoods,Odoko,Scottellia coriacea,Nigeria,A.D.,2,12,,657,0.59,0.024,14,117,8.9,9,12800,1020,9,0.101,0.018,9,0.148,0.034,9,,,,63.6,5.54,14,4850,421,5,14.9,4.24,6,,,,22.6,,2
308,Hardwoods,Ogea,Daniellia ogea,West Africa,G.,,,,,,,,,,,,,,,,,,,,,,,,,,,,,,,,,,,,,
309,Hardwoods,Ogea,Daniellia ogea,West Africa,A.D.,3,12,,513,0.45,0.045,139,81,7.7,40,9100,780,40,0.084,0.025,40,0.135,0.054,40,0.56,0.116,35,41.6,4.78,121,3160,708,105,10.8,1.57,118,12.8,3.22,46,15.2,3.37,46
310,Hardwoods,Okan,Cylicodiscus gabunensis,Nigeria,G.,3,52,1185,,0.79,0.086,29,101,11.2,14,12800,1420,14,0.081,0.023,14,0.232,0.071,14,,,,56.7,10.64,19,11250,2452,19,16.6,2.47,17,24.5,6.98,9,24.9,5.23,10
311,Hardwoods,Okan,Cylicodiscus gabunensis,Nigeria,A.D.,3,12,,929,0.83,0.103,25,140,30.0,5,16100,2410,5,0.108,0.058,5,0.31,0.138,5,,,,85.4,10.94,20,12320,4668,10,22.3,4.06,10,17.7,2.32,4,23.8,5.8,4
312,Hardwoods,Okwen,Brachystegia nigerica,Nigeria,G.,5,69,865,,0.58,0.025,78,79,12.3,41,8800,1570,41,0.094,0.049,11,0.266,0.153,11,0.91,0.312,34,39.4,6.41,78,5430,708,40,11.9,1.59,40,13.5,3.29,23,17.9,2.76,23
313,Hardwoods,Okwen,Brachystegia nigerica,Nigeria,A.D.,5,12,,673,0.6,0.031,83,105,24.5,40,10500,1500,40,0.099,0.054,14,0.201,0.126,14,0.81,0.327,39,57.0,6.67,83,6360,846,40,18.3,1.34,28,13.5,1.75,13,18.0,2.2,13
314,Hardwoods,"Olive, East African",Olea hochstetteri,Sudan,G.,12,48,1121,,0.75,0.046,161,105,15.0,73,13700,2030,73,0.144,0.037,24,0.347,0.081,24,1.27,0.238,66,48.8,8.88,161,8180,976,73,16.5,2.42,82,20.0,2.24,37,28.2,2.54,37
315,Hardwoods,"Olive, East African",Olea hochstetteri,Sudan,A.D.,12,12,,913,0.82,0.052,163,174,24.0,68,17400,2360,68,0.211,0.06,23,0.499,0.138,23,1.32,0.274,70,84.1,9.09,163,12190,2024,64,25.6,3.5,90,21.5,4.23,46,28.9,3.82,46
316,Hardwoods,Opepe,Nauclea diderrichii,Nigeria,G.,4,75,945,,0.63,0.04,251,94,9.5,103,11900,1610,103,0.084,0.024,103,0.199,0.045,56,0.81,0.073,78,51.6,6.25,251,6760,945,104,13.1,1.85,124,17.3,2.15,54,19.8,2.24,54
317,Hardwoods,Opepe,Nauclea diderrichii,Nigeria,A.D.,4,12,,753,0.67,0.046,260,120,14.9,72,13400,1770,72,0.099,0.027,72,0.186,0.046,28,0.71,0.152,62,71.7,8.63,243,7250,1091,117,17.1,2.64,170,10.5,1.94,95,11.2,2.39,95
318,Hardwoods,Pau marfim,Balfourodendron riedelianum,Brazil,G.,,,,,,,,,,,,,,,,,,,,,,,,,,,,,,,,,,,,,
319,Hardwoods,Pau marfim,Balfourodendron riedelianum,Brazil,A.D.,30 pieces,12.9,,799,0.72,0.048,29,133,14.1,29,10800,1660,29,0.256,0.086,29,0.592,0.233,29,1.55,0.36,29,60.7,6.83,29,8320,1261,29,20.2,2.62,58,,,,,,
320,Hardwoods,"Peroba, white",Paratecoma peroba,Brazil,G.,,,,,,,,,,,,,,,,,,,,,,,,,,,,,,,,,,,,,
321,Hardwoods,"Peroba, white",Paratecoma peroba,Brazil,A.D.,11 planks,12,,753,0.67,0.063,63,112,21.4,20,11400,1760,20,0.085,0.032,20,0.232,0.097,20,0.81,0.263,25,63.8,9.83,63,7120,2044,55,16.7,1.97,48,15.2,2.48,23,18.6,2.64,23
322,Hardwoods,Peroba rosa,Aspidosperma spp,Brazil,G.,9 planks,35,993,,0.66,0.04,29,79,17.3,26,8300,1850,26,0.088,0.042,26,0.206,0.1,26,,,,39.8,7.78,29,7030,1133,29,14.7,2.09,58,16.5,3.48,29,20.8,4.27,29
323,Hardwoods,Peroba rosa,Aspidosperma spp,Brazil,A.D.,5 planks,12,,753,0.68,0.046,31,88,35.4,31,9900,2750,31,0.077,0.052,31,0.124,0.095,31,,,,56.9,10.16,31,7700,1301,26,19.5,2.1,32,10.9,1.99,16,11.2,2.23,16
324,Hardwoods,Pillarwood,Cassipourea malosana,Kenya,G.,5,65,897,,0.59,0.045,126,63,9.1,55,7900,1370,55,0.089,0.03,26,0.164,0.078,26,0.86,0.285,63,30.9,5.0,126,4400,695,54,10.0,2.43,78,16.3,2.34,41,27.1,4.04,41
325,Hardwoods,Pillarwood,Cassipourea malosana,Kenya,A.D.,5,12,,753,0.67,0.058,131,123,17.2,56,11500,2160,56,0.19,0.05,19,0.316,0.127,19,1.19,0.18,49,61.4,6.76,131,7340,1119,56,18.5,3.53,84,16.8,3.64,39,30.5,4.31,39
326,Hardwoods,"Plane, European",Platanus hybrida,United Kingdom,G.,1,87,785,,0.52,0.011,44,54,4.8,6,6400,670,6,0.124,0.036,6,0.281,0.043,6,1.24,0.137,5,24.2,1.2,43,4270,267,12,9.7,1.31,18,16.5,1.74,7,25.4,3.15,7
327,Hardwoods,"Plane, European",Platanus hybrida,United Kingdom,A.D.,1,12,,641,0.57,0.019,31,,,,,,,,,,,,,,,,41.6,1.57,30,5650,626,6,14.1,1.55,10,15.2,4.28,5,26.1,3.38,5
328,Hardwoods,"Poplar, black",Populus canadensis var. serotina,United Kingdom,G.,18,154,529,,0.35,0.022,659,41,5.5,111,6800,1160,111,0.074,0.019,108,0.21,0.072,69,0.61,0.115,73,19.3,3.23,659,2050,239,342,5.9,0.86,356,8.4,0.8,152,10.9,1.2,152
329,Hardwoods,"Poplar, black",Populus canadensis var. serotina,United Kingdom,A.D.,18,12,,433,0.38,0.024,761,72,7.1,92,8600,1320,92,0.083,0.024,92,0.143,0.046,43,0.56,0.082,374,37.4,5.38,761,2220,342,604,8.8,1.47,505,10.5,1.16,194,13.3,1.64,194
330,Hardwoods,"Poplar, grey",Populus canescens,United Kingdom,G.,6,102,577,,0.39,0.03,148,44,3.0,23,7200,990,23,0.074,0.024,23,0.168,0.068,23,0.51,0.051,16,20.1,1.85,128,1730,363,76,5.9,0.65,60,8.4,1.04,28,12.1,2.14,28
331,Hardwoods,"Poplar, grey",Populus canescens,United Kingdom,A.D.,6,12,,481,0.43,0.031,159,76,7.3,15,9500,830,15,0.099,0.02,15,0.168,0.057,15,0.61,0.084,15,36.9,3.08,129,2360,457,135,10.5,1.26,106,12.4,1.16,52,15.8,1.85,52
332,Hardwoods,"Pterygota, African",Pterygota bequaertii,Nigeria,G.,5,56,849,,0.56,0.044,484,73,14.5,162,8800,1890,165,0.113,0.053,163,0.345,0.119,38,0.81,0.232,155,35.4,6.34,164,3510,692,156,6.8,1.33,162,9.1,1.76,73,15.9,3.02,76
333,Hardwoods,"Pterygota, African",Pterygota bequaertii,Nigeria,A.D.,5,12,,689,0.62,0.047,497,111,22.6,162,11500,1720,162,0.133,0.049,162,0.248,0.081,161,0.97,0.22,170,57.9,8.63,165,4310,865,161,11.6,2.32,170,10.5,1.56,78,18.4,4.23,78
334,Hardwoods,"Pterygota, African",Pterygota macrocarpa,Nigeria,G.,5,84,705,,0.47,0.058,74,57,10.4,36,7400,1920,36,0.075,0.019,36,0.188,0.058,36,0.74,0.129,36,26.7,5.79,74,2980,684,37,6.1,0.88,72,8.1,1.01,37,12.3,2.38,37
335,Hardwoods,"Pterygota, African",Pterygota macrocarpa,Nigeria,A.D.,5,12,,561,0.5,0.064,75,85,15.7,37,9200,1610,37,0.101,0.028,37,0.149,0.049,37,0.76,0.198,37,43.4,7.06,75,4180,1186,37,9.4,1.33,74,8.1,1.05,36,11.4,1.74,36
336,Hardwoods,Purpleheart,Peltogyne sp,Guyana,G.,3,62,1105,,0.74,0.047,58,105,21.4,28,14000,2850,28,0.104,0.042,28,0.296,0.09,11,1.04,0.087,13,56.5,12.12,56,9160,964,15,14.9,1.2,13,19.8,2.59,8,22.6,5.82,7
337,Hardwoods,Purpleheart,Peltogyne sp,Guyana,A.D.,3,12,,865,0.77,0.046,53,147,35.8,9,16700,3320,9,0.139,0.06,9,0.345,0.114,7,1.19,0.354,6,78.5,14.6,46,11160,1819,13,18.9,1.7,13,20.5,2.95,7,27.0,4.16,7
338,Hardwoods,Quaruba,Vochysia hondurensis,Belize,G.,2,165,577,,0.38,0.027,37,43,6.3,9,6900,1210,9,0.038,0.007,9,0.092,0.026,9,0.51,0.059,6,22.1,3.23,33,2400,240,11,5.5,0.44,10,10.9,0.35,3,11.7,1.69,5
339,Hardwoods,Quaruba,Vochysia hondurensis,Belize,A.D.,2,12,,465,0.42,0.029,34,70,9.4,7,8200,1250,7,0.08,0.021,7,0.139,0.06,7,0.66,0.092,7,34.8,5.12,29,3110,396,12,8.8,1.44,16,11.7,1.06,5,12.4,2.51,5
340,Hardwoods,Quaruba,Vochysia sp.,Brazil,G.,10 planks,63,657,,0.44,0.046,38,55,8.5,30,8600,1340,30,0.069,0.013,30,0.118,0.024,30,,,,26.4,3.83,37,2710,479,17,6.4,1.18,16,10.5,2.99,7,12.1,3.36,7
341,Hardwoods,Quaruba,Vochysia sp.,Brazil,A.D.,10 planks,12,,513,0.46,0.05,40,90,8.5,27,11200,1330,27,0.088,0.011,27,0.139,0.019,27,,,,49.2,4.41,40,3560,759,33,10.6,1.68,36,7.7,2.68,18,10.9,2.01,18
342,Hardwoods,Ramin,Gonystylus macrophyllum,Sarawak,G.,9,37,785,,0.52,0.045,363,71,12.5,121,10100,1670,121,0.076,0.026,121,0.108,0.052,121,0.66,0.128,120,38.7,6.91,725,2850,120,120,7.8,1.61,116,6.8,1.46,58,10.2,2.71,58
343,Hardwoods,Ramin,Gonystylus macrophyllum,Sarawak,A.D.,9,12,,657,0.59,0.049,117,134,16.2,60,14000,1360,60,0.143,0.026,21,0.177,0.023,21,0.86,0.154,57,72.4,8.64,117,5780,1010,60,11.9,1.94,112,10.2,1.29,61,12.4,2.22,61
344,Hardwoods,Ranggu,Koordersiodendron pinnatum,Sabah,G.,5,53,1089,,0.72,0.04,35,108,11.8,35,13100,1130,35,,,,,,,1.09,0.186,35,56.1,6.14,35,7560,1036,35,12.5,1.64,70,,,,,,
345,Hardwoods,Ranggu,Koordersiodendron pinnatum,Sabah,A.D.,5,12.6,,881,0.79,0.047,37,154,15.2,32,15500,1570,32,,,,,,,1.37,0.205,35,77.3,6.24,37,8270,1507,36,19.7,2.68,74,,,,,,
346,Hardwoods,Rauli,Nothofagus procera,Chile,G.,,,,,,,,,,,,,,,,,,,,,,,,,,,,,,,,,,,,,
347,Hardwoods,Rauli,Nothofagus procera,Chile,A.D.,15 planks,12,,577,0.51,0.041,74,92,11.6,32,9200,870,32,0.091,0.035,32,0.143,0.058,32,0.69,0.092,13,49.7,5.09,66,3560,638,64,13.4,1.71,68,15.8,2.29,30,17.3,2.55,30
348,Hardwoods,Rauli,Nothofagus procera,United Kingdom,G.,12,77,561,,0.37,0.035,46,43,8.5,13,5000,1340,13,0.128,0.058,13,0.208,0.075,13,0.74,0.184,11,16.8,2.68,46,2310,378,13,6.2,1.0,24,9.8,1.58,12,13.1,1.64,12
349,Hardwoods,Rauli,Nothofagus procera,United Kingdom,A.D.,12,12,,465,0.42,0.038,46,75,10.7,12,7000,1150,12,0.108,0.027,12,0.123,0.038,12,0.66,0.092,12,34.2,4.43,46,3070,611,12,11.8,1.83,26,15.6,3.01,11,17.2,3.27,11
350,Hardwoods,Rubberwood,Hevea brasiliensis,Peninsular Malaysia,G.,10 logs,54,865,,0.57,0.021,62,62,8.3,51,8200,1170,51,0.084,0.026,20,0.19,0.096,20,0.74,0.166,54,30.8,4.38,62,3600,484,55,9.8,1.31,112,,,,,,
351,Hardwoods,Rubberwood,Hevea brasiliensis,Peninsular Malaysia,A.D.,10 logs,12.6,,654,0.58,0.025,67,92,12.2,62,10500,1780,62,0.11,0.03,20,0.199,0.072,20,0.71,0.142,57,49.0,5.47,67,4800,617,66,13.4,1.75,130,,,,,,
352,Hardwoods,Santa Maria,Calophyllum brasiliense var. rekoi,Central America,G.,10,62,817,,0.54,0.043,320,77,8.1,119,10100,1240,119,0.084,0.031,119,0.254,0.108,52,0.79,0.178,67,37.9,3.76,290,4630,795,105,10.2,1.51,109,14.0,1.28,54,17.3,1.95,57
353,Hardwoods,Santa Maria,Calophyllum brasiliense var. rekoi,Central America,A.D.,10,12,,641,0.57,0.045,319,108,11.6,77,11800,820,77,0.104,0.037,77,0.2,0.054,35,0.91,0.154,64,60.2,5.01,292,5560,996,178,14.8,2.25,258,14.5,1.78,122,18.6,2.8,123
354,Hardwoods,Sapele,Entandrophragma cylindricum,West Africa,G.,5,62,833,,0.55,0.042,129,74,9.9,50,9600,1630,50,0.088,0.03,26,0.227,0.071,26,0.91,0.164,50,36.0,5.98,129,4540,659,50,9.8,1.39,52,15.4,1.56,29,17.3,1.73,29
355,Hardwoods,Sapele,Entandrophragma cylindricum,West Africa,A.D.,5,12,,673,0.6,0.044,120,111,15.7,50,11700,1710,50,0.132,0.037,26,0.228,0.064,26,0.99,0.187,49,58.6,6.98,120,6720,928,50,17.9,1.8,60,23.6,2.89,26,25.6,3.09,26
356,Hardwoods,Selangan batu,Shorea ?superba,Sabah,G.,2,56,1057,,0.7,0.068,32,111,18.7,17,14300,3270,17,0.107,0.036,8,0.245,0.089,8,0.94,0.133,15,58.3,9.98,32,6450,1201,17,11.5,1.93,32,15.2,1.95,16,19.6,3.41,16
357,Hardwoods,Selangan batu,Shorea ?superba,Sabah,A.D.,2,13.9,,833,0.74,0.062,32,143,17.4,15,17100,1890,15,0.159,0.025,8,0.323,0.024,8,1.22,0.187,15,77.2,10.08,32,6810,1256,15,15.5,1.73,32,11.9,1.71,15,15.6,1.61,15
358,Hardwoods,Selangan batu,Shorea superba,Sabah,G.,3,56,945,,0.62,0.074,56,96,15.7,29,11700,1920,29,0.101,0.033,12,0.229,0.07,12,1.02,0.274,27,50.1,8.76,56,5380,1258,29,11.6,2.49,54,13.5,2.89,28,19.4,3.7,28
359,Hardwoods,Selangan batu,Shorea superba,Sabah,A.D.,3,13.5,,753,0.67,0.084,56,122,26.5,27,13700,1980,27,0.142,0.07,11,0.288,0.118,11,1.02,0.247,28,65.6,8.23,56,5650,1369,27,15.5,3.49,54,11.4,0.96,28,17.3,2.01,28
360,Hardwoods,"Selangan batu, red",Shorea guiso,Sabah,G.,5,52,993,,0.67,0.034,41,105,11.5,41,14100,1670,41,,,,,,,1.14,0.142,41,53.2,5.34,41,6320,865,41,11.6,1.72,82,,,,,,
361,Hardwoods,"Selangan batu, red",Shorea guiso,Sabah,A.D.,5,14.1,,817,0.72,0.032,34,143,12.1,34,15000,1950,34,,,,,,,1.35,0.103,34,69.3,4.09,34,6580,1066,34,15.4,1.72,68,,,,,,
362,Hardwoods,"Sepetir, swamp",Pseudosindora palustris,Sarawak,G.,7,54,833,,0.56,0.058,135,81,12.5,58,10100,1440,58,0.112,0.039,15,0.184,0.067,15,0.66,0.117,61,39.2,6.17,135,4230,927,58,10.3,1.84,66,9.6,1.17,34,15.4,2.35,34
363,Hardwoods,"Sepetir, swamp",Pseudosindora palustris,Sarawak,A.D.,7,12,,657,0.59,0.065,121,125,18.6,57,12700,1740,57,0.112,0.034,19,0.15,0.03,19,0.84,0.18,59,63.8,7.55,121,6270,1419,57,15.9,2.74,66,9.6,1.39,35,16.6,2.66,35
364,Hardwoods,Seraya dark red,Shorea pauciflora,Sabah,G.,5,69,689,,0.46,0.053,80,68,8.8,34,9700,1360,34,0.072,0.022,16,0.161,0.067,16,0.69,0.138,35,33.9,4.43,80,3110,611,34,8.7,1.38,44,11.6,2.77,21,15.1,3.62,21
365,Hardwoods,Seraya dark red,Shorea pauciflora,Sabah,A.D.,5,12,,561,0.5,0.059,80,92,13.2,38,11400,1450,38,0.116,0.03,12,0.153,0.046,12,0.74,0.187,38,52.9,6.16,80,3470,813,38,11.4,1.94,38,12.4,2.32,17,15.9,2.81,17
366,Hardwoods,"Seraya, light red",Shorea leptoclados,Sabah,G.,5,73,545,,0.36,0.037,105,50,6.0,54,7000,880,54,0.053,0.011,24,0.121,0.038,24,0.56,0.103,50,27.0,3.4,105,2000,416,54,5.9,0.92,52,8.1,1.4,28,13.1,2.36,28
367,Hardwoods,"Seraya, light red",Shorea leptoclados,Sabah,A.D.,5,12,,433,0.38,0.049,128,68,7.7,52,8300,760,52,0.071,0.017,19,0.11,0.036,19,0.53,0.125,54,37.0,4.43,128,2270,547,52,9.1,0.96,62,11.0,1.37,29,14.4,2.05,29
368,Hardwoods,"Seraya, light red",Shorea macrophylla,Sabah,G.,5,74,449,,0.3,0.028,34,43,4.7,34,7500,750,34,,,,,,,0.41,0.076,34,22.7,2.45,34,1470,283,34,4.9,0.72,68,,,,,,
369,Hardwoods,"Seraya, light red",Shorea macrophylla,Sabah,A.D.,5,12.5,,352,0.31,0.026,33,59,7.2,30,7300,1070,30,,,,,,,0.46,0.069,30,32.7,3.64,33,1510,269,33,6.5,1.11,66,,,,,,
370,Hardwoods,"Seraya, light red",Shorea parvifolia,Sabah,G.,5,84,513,,0.34,0.06,67,48,9.8,34,6700,1110,34,0.052,0.013,21,0.105,0.042,21,0.46,0.134,28,23.9,5.17,67,1960,660,34,5.6,1.21,42,8.2,1.88,20,11.7,3.86,20
371,Hardwoods,"Seraya, light red",Shorea parvifolia,Sabah,A.D.,5,12,,433,0.38,0.063,59,69,12.1,28,7900,1190,28,0.072,0.021,18,0.108,0.043,18,0.61,0.146,26,42.5,6.17,59,2050,731,28,7.6,1.63,38,10.5,1.84,19,14.4,3.42,19
372,Hardwoods,"Seraya, light red",Shorea smithiana,Sabah,G.,5,64,513,,0.35,0.071,88,50,11.0,32,7200,1380,32,0.05,0.016,16,0.078,0.034,16,0.43,0.109,34,25.3,6.94,88,1960,804,32,4.8,1.6,40,7.4,1.17,20,10.5,2.4,20
373,Hardwoods,"Seraya, light red",Shorea smithiana,Sabah,A.D.,5,12,,449,0.4,0.075,64,74,15.4,29,9100,1580,29,0.074,0.021,17,0.112,0.033,17,0.58,0.139,28,45.3,9.54,64,2400,829,29,7.6,1.77,38,10.5,2.35,18,13.3,2.81,18
374,Hardwoods,"Seraya, light red",Shorea waltonii and possibly allied species,Sabah,G.,4,70,529,,0.35,0.034,54,52,4.1,22,8100,710,22,0.057,0.013,22,0.12,0.038,21,0.51,0.108,25,26.4,2.97,54,2050,335,22,7.1,1.14,30,8.6,1.32,13,11.9,1.84,13
375,Hardwoods,"Seraya, light red",Shorea waltonii and possibly allied species,Sabah,A.D.,4,12,,400,0.36,0.042,58,71,5.8,26,8800,860,26,0.085,0.01,16,0.114,0.036,16,0.56,0.134,23,39.5,4.36,58,2183,483,26,8.1,1.06,30,9.8,0.87,16,12.3,2.46,16
376,Hardwoods,"Seraya, white",Parashorea tomentella,Sabah,G.,5,70,577,,0.39,0.054,116,57,8.6,52,7700,1210,52,0.057,0.016,26,0.174,0.064,26,0.61,0.18,55,29.6,4.76,116,2580,523,52,6.3,1.11,60,9.8,1.53,28,12.3,2.18,28
377,Hardwoods,"Seraya, white",Parashorea tomentella,Sabah,A.D.,5,12,,481,0.43,0.056,88,75,11.1,42,8900,1210,42,0.083,0.022,22,0.185,0.085,22,0.71,0.144,43,45.5,5.95,88,2620,713,42,8.4,1.82,40,10.2,1.42,24,12.4,1.59,24
378,Hardwoods,"Seraya, white",Parashorea malaanonan,Sabah,G.,5,66,641,,0.42,0.051,70,61,8.2,34,9100,1370,34,0.059,0.014,19,0.181,0.05,19,0.69,0.146,35,31.9,4.82,70,2940,620,34,7.1,0.96,30,8.9,1.21,17,11.9,2.06,17
379,Hardwoods,"Seraya, white",Parashorea malaanonan,Sabah,A.D.,5,12,,513,0.46,0.056,73,81,12.5,33,9700,1300,33,0.085,0.019,20,0.184,0.051,20,0.71,0.156,37,48.3,7.22,73,3160,786,33,9.8,1.23,34,8.9,1.34,19,10.2,1.32,19
380,Hardwoods,"Seraya, white",Parashorea sp.,Sabah,G.,14 pieces,30,705,,0.47,0.056,51,62,7.4,25,10400,1480,25,0.083,0.026,25,0.176,0.043,12,0.69,0.102,21,31.6,4.54,48,2850,625,39,10.0,1.65,29,11.7,1.67,29,,,
381,Hardwoods,"Seraya, white",Parashorea sp.,Sabah,A.D.,28 pieces,12,,529,0.47,0.055,97,85,11.8,47,11600,1870,47,0.105,0.033,23,0.178,0.061,11,0.74,0.1,36,51.5,6.18,85,2940,575,62,8.1,1.14,27,11.2,1.92,43,11.7,1.77,43
382,Hardwoods,"Seraya, yellow",Shorea acuminatissima,Sabah,G.,1,93,609,,0.4,0.034,18,57,4.7,8,7400,610,8,0.07,0.019,7,0.107,0.025,7,0.51,0.102,8,27.6,2.04,18,2980,323,8,8.3,1.13,12,9.8,0.58,4,14.2,0.86,4
383,Hardwoods,"Seraya, yellow",Shorea acuminatissima,Sabah,A.D.,1,12,,497,0.44,0.045,19,72,5.5,8,8200,700,8,0.061,0.01,8,0.079,0.014,8,0.48,0.082,9,42.1,3.79,19,2580,401,8,12.5,2.94,10,8.9,1.64,4,12.6,1.43,4
384,Hardwoods,"Seraya, yellow",Shorea faguetiana,Sabah,G.,5,107,673,,0.45,0.035,100,66,8.5,45,9700,1270,45,0.063,0.019,23,0.149,0.036,23,0.71,0.108,45,32.1,4.32,100,3380,456,45,8.4,1.64,50,11.4,2.05,24,15.8,2.93,24
385,Hardwoods,"Seraya, yellow",Shorea faguetiana,Sabah,A.D.,5,12,,529,0.48,0.037,95,88,7.5,43,10000,1080,43,0.097,0.027,21,0.153,0.044,21,0.76,0.089,38,50.6,4.59,95,3290,517,43,10.5,1.27,46,10.9,1.54,28,15.9,2.1,28
386,Hardwoods,"Seraya, yellow",Shorea gibbosa,Sabah,G.,1,63,625,,0.42,0.03,18,67,4.4,9,9000,800,9,0.081,0.017,8,0.19,0.04,8,0.71,0.161,9,32.0,2.44,18,3160,509,9,8.3,1.27,12,9.3,1.03,8,15.8,1.56,8
387,Hardwoods,"Seraya, yellow",Shorea gibbosa,Sabah,A.D.,1,12,,497,0.45,0.046,18,91,7.4,9,10600,460,9,0.114,0.025,9,0.169,0.042,9,0.74,0.065,8,47.5,2.88,18,3650,812,9,11.3,1.09,14,9.1,0.53,7,13.0,1.04,7
388,Hardwoods,"Seraya, yellow",Shorea hopeifolia,Sabah,G.,1,83,689,,0.46,0.034,16,58,6.9,8,8400,820,8,0.068,0.022,7,0.11,0.037,7,0.51,0.11,8,27.9,2.91,16,3340,693,8,8.1,1.52,8,11.7,0.22,3,15.8,1.45,3
389,Hardwoods,"Seraya, yellow",Shorea hopeifolia,Sabah,A.D.,1,12,,545,0.49,0.041,16,83,3.2,7,10000,1320,7,0.085,0.01,7,0.1,0.014,7,0.58,0.088,9,42.4,2.34,16,3420,530,7,11.9,1.54,10,10.5,1.25,6,13.5,1.07,6
390,Hardwoods,Serrette,Byrsonima coriacea var. spicata,Trinidad,G.,10,78,865,,0.57,0.047,133,84,9.9,61,10800,2480,61,0.086,0.026,18,0.201,0.051,18,0.71,0.159,66,39.8,5.98,133,5160,798,61,11.8,2.25,78,15.1,2.07,39,23.3,4.58,39
391,Hardwoods,Serrette,Byrsonima coriacea var. spicata,Trinidad,A.D.,10,12,,705,0.63,0.048,126,124,16.1,59,13400,1570,59,0.127,0.036,22,0.165,0.059,22,0.74,0.133,59,67.2,6.21,126,6810,965,59,16.8,2.98,76,12.3,1.35,36,24.2,3.28,36
392,Hardwoods,"Sterculia, brown",Sterculia rhinopetala,Nigeria,G.,5,61,961,,0.64,0.079,487,87,14.3,169,10800,1490,169,0.128,0.04,42,0.285,0.083,42,0.91,0.148,159,42.5,7.49,159,6270,1691,169,9.6,1.74,152,11.6,1.82,75,22.2,4.12,76
393,Hardwoods,"Sterculia, brown",Sterculia rhinopetala,Nigeria,A.D.,5,12,,801,0.72,0.096,181,145,21.6,84,14100,1720,84,0.211,0.058,23,0.371,0.111,23,1.3,0.276,86,69.6,9.41,181,8050,2349,84,15.0,1.87,76,20.0,4.44,39,30.5,5.04,40
394,Hardwoods,"Sterculia, yellow",Sterculia oblonga,Nigeria,G.,5,60,913,,0.61,0.049,437,81,15.1,156,10300,1610,156,0.101,0.037,156,0.283,0.112,40,0.66,0.205,128,38.7,8.23,153,3910,842,125,7.2,2.13,130,12.3,2.07,70,15.8,3.76,70
395,Hardwoods,"Sterculia, yellow",Sterculia oblonga,Nigeria,A.D.,5,12,,769,0.68,0.045,413,123,17.1,145,13700,1480,142,0.126,0.04,142,0.257,0.073,142,1.02,0.178,123,67.2,7.47,145,4980,860,145,12.5,2.93,134,13.8,2.09,71,19.8,4.7,71
396,Hardwoods,Sycamore,Acer pseudoplatanus,United Kingdom,G.,16,69,721,,0.49,0.027,452,66,8.8,43,8400,1340,43,0.111,0.028,43,0.225,0.048,18,0.74,0.146,26,27.5,3.43,426,3830,496,143,10.0,1.33,169,15.8,1.88,82,20.8,2.32,83
397,Hardwoods,Sycamore,Acer pseudoplatanus,United Kingdom,A.D.,16,12,,561,0.51,0.028,455,99,11.0,61,9400,1160,61,0.121,0.028,61,0.163,0.049,34,0.84,0.136,32,48.2,4.83,340,4850,639,276,17.1,2.32,212,16.8,2.95,78,27.3,3.91,79
398,Hardwoods,Tallowwood,Eucalyptus microcorys,Australia,G.,3,40,1234,,0.82,0.022,26,110,2.7,9,16500,930,9,0.1,0.027,9,0.269,0.044,4,0.91,0.08,8,63.8,2.63,24,8320,615,7,14.1,0.68,10,17.3,1.99,4,18.9,0.74,4
399,Hardwoods,Tallowwood,Eucalyptus microcorys,Australia,A.D.,3,12,,1009,0.91,0.011,13,185,7.8,6,20500,970,6,0.192,0.017,6,0.295,0.016,6,,,,102.8,5.26,8,9870,482,6,18.8,1.43,6,12.8,,2,12.1,,2
400,Hardwoods,Tatajuba,Bagassa guianensis,Brazil,G.,,,,,,,,,,,,,,,,,,,,,,,,,,,,,,,,,,,,,
401,Hardwoods,Tatajuba,Bagassa guianensis,Brazil,A.D.,20 planks,11.5,,815,0.73,0.063,74,136,25.5,19,14700,2200,19,0.108,0.034,19,0.206,0.071,19,0.86,0.239,17,83.1,13.45,74,8980,2430,19,18.9,3.48,82,16.5,2.53,35,20.7,3.0,35
402,Hardwoods,Tchitola,Oxystigma oxyphyllum,Zaire,G.,5,57,801,,0.53,0.033,38,81,11.5,38,10500,1050,38,,,,,,,1.04,0.292,35,39.2,4.45,38,4890,826,38,10.2,1.46,76,,,,,,
403,Hardwoods,Tchitola,Oxystigma oxyphyllum,Zaire,A.D.,5,12.6,,641,0.57,0.04,37,112,11.4,35,11600,1300,35,,,,,,,0.99,0.217,35,57.2,4.5,37,5560,971,36,13.9,1.83,74,,,,,,
404,Hardwoods,Teak,Tectona grandis,Burma,G.,60 planks,48,817,,0.55,0.05,112,84,12.3,106,8800,1540,106,0.113,0.035,106,0.223,0.07,106,0.86,0.161,98,42.8,7.06,112,4140,732,112,10.1,1.45,222,14.9,2.21,108,17.5,2.91,107
405,Hardwoods,Teak,Tectona grandis,Burma,A.D.,60 planks,10.6,,641,0.58,0.05,111,106,17.1,106,10000,1980,106,0.101,0.027,106,0.134,0.05,106,0.66,0.14,97,60.4,9.18,111,4450,718,109,14.8,1.96,218,14.4,2.03,109,17.9,2.38,109
406,Hardwoods,Teak,Tectona grandis,"Nigeria, Western Region",G.,6,98,801,,0.53,0.039,56,90,9.8,27,8900,1360,27,0.17,0.089,27,0.36,0.128,27,1.09,0.263,27,41.2,5.54,56,5430,753,27,11.5,1.53,52,16.5,2.53,28,20.0,3.07,28
407,Hardwoods,Teak,Tectona grandis,"Nigeria, Western Region",A.D.,6,12,,609,0.55,0.039,57,111,11.1,28,11200,1270,28,0.132,0.044,28,0.162,0.074,28,0.74,0.154,27,57.2,5.85,57,4890,735,28,15.7,1.9,44,11.7,1.6,26,15.1,2.19,26
408,Hardwoods,Teak,Tectona grandis,"Nigeria, Northern Region",G.,6,63,801,,0.53,0.056,71,83,9.5,33,8900,1250,33,0.123,0.046,33,0.253,0.1,33,1.04,0.272,32,37.9,5.29,71,5070,987,33,12.5,1.47,54,17.5,3.46,26,22.4,4.67,26
409,Hardwoods,Teak,Tectona grandis,"Nigeria, Northern Region",A.D.,6,12,,609,0.55,0.062,74,100,14.4,31,10100,1360,31,0.1,0.033,31,0.143,0.075,31,0.69,0.154,36,51.9,6.57,74,4800,1110,33,16.5,2.76,58,15.9,4.14,27,20.8,4.87,27
410,Hardwoods,Timbersweet,Nectandra or Ocotea spp.,Belize,G.,4,66,689,,0.46,0.033,33,63,5.3,15,9400,690,15,0.066,0.023,15,0.16,0.041,15,,,,31.1,2.14,33,2710,408,10,8.1,0.75,16,12.1,1.09,6,15.2,3.74,6
411,Hardwoods,Timbersweet,Nectandra or Ocotea spp.,Belize,A.D.,4,12,,561,0.5,0.025,26,90,5.3,12,11000,760,12,0.105,0.022,12,0.174,0.031,12,,,,52.3,3.03,24,3110,403,14,11.6,1.04,14,10.0,1.61,7,11.2,1.54,7
412,Hardwoods,Turpentine,Syncarpia glomulifera,Australia,G.,5,74,1025,,0.68,0.026,240,77,5.9,104,10600,760,104,0.067,0.022,104,0.165,0.032,33,0.86,0.067,69,41.2,2.64,238,6090,718,67,10.5,0.78,90,16.8,2.15,49,17.7,1.66,49
413,Hardwoods,Turpentine,Syncarpia glomulifera,Australia,A.D.,5,12,,961,0.86,0.026,189,162,10.9,39,15600,1150,39,0.161,0.028,39,0.182,0.037,39,1.04,0.142,28,82.3,5.27,164,12900,1050,69,21.2,4.78,43,28.2,7.35,7,39.4,3.68,24
414,Hardwoods,Utile,Entandrophragma utile,Ghana,G.,5 planks,50,833,,0.56,0.045,76,79,9.8,18,9600,850,18,0.087,0.027,18,0.163,0.03,18,0.74,0.094,16,38.2,5.6,66,4800,1051,26,10.8,1.71,38,16.1,2.55,18,17.7,2.95,18
415,Hardwoods,Utile,Entandrophragma utile,Ghana,A.D.,5 planks and 4 trees,12,,641,0.58,0.039,250,103,12.9,57,10800,1110,57,0.085,0.026,57,0.12,0.036,57,0.64,0.152,53,60.4,4.79,217,5600,767,202,16.9,2.02,160,18.0,3.63,75,20.1,2.92,77
416,Hardwoods,"Virola, light",Virola koschnyi,Belize,G.,8,75,657,,0.44,0.032,186,45,3.9,24,9500,990,24,0.045,0.009,24,0.059,0.007,9,0.36,0.059,15,21.9,2.92,178,1960,279,49,5.2,1.17,54,7.7,1.17,24,12.1,1.93,22
417,Hardwoods,"Virola, light",Virola koschnyi,Belize,A.D.,8,12,,529,0.48,0.036,223,79,7.0,53,11100,980,53,0.068,0.013,53,0.091,0.02,17,0.46,0.052,36,41.0,6.11,200,2850,428,82,10.1,2.9,114,7.7,1.94,70,12.1,1.97,70
418,Hardwoods,Waika chewstick,Symphonia globulifera,Belize,G.,4,97,881,,0.59,0.029,23,86,11.8,13,13000,1200,13,0.103,0.038,13,0.192,0.035,13,,,,41.6,8.12,23,5380,920,7,10.2,1.43,12,18.0,2.15,6,18.0,1.99,6
419,Hardwoods,Waika chewstick,Symphonia globulifera,Belize,A.D.,4,12,,689,0.62,0.03,22,131,11.7,9,14200,1160,9,0.141,0.021,9,0.197,0.041,9,0.91,0.083,7,66.5,4.47,16,5740,517,12,12.4,2.53,10,10.9,0.1,3,20.5,4.6,3
420,Hardwoods,Wallaba,Eperua sp,Guyana,G.,1,58,1169,,0.78,0.028,27,104,12.6,14,15000,1580,14,0.082,0.011,14,0.117,0.011,3,0.61,0.076,7,57.8,6.8,22,6850,2002,14,,,,11.2,1.16,7,18.0,2.41,7
421,Hardwoods,Wallaba,Eperua sp,Guyana,A.D.,1,12,,897,0.8,0.031,29,139,7.9,9,14700,1400,9,0.118,0.018,9,0.154,0.015,9,0.84,0.068,5,77.3,6.31,29,9070,724,12,,,,15.8,4.01,9,19.8,2.26,9
422,Hardwoods,"Walnut, African",Lovoa trichilioides,Nigeria,G.,2,61,673,,0.45,0.039,40,57,7.6,14,7300,1330,14,,,,,,,0.79,0.09,8,29.8,3.41,28,3070,336,15,,,,13.3,1.03,5,14.9,1.39,8
423,Hardwoods,"Walnut, African",Lovoa trichilioides,Nigeria,A.D.,2,12,,545,0.48,0.043,36,82,9.0,6,9200,1200,6,,,,,,,0.66,0.102,8,48.2,5.75,26,4180,627,9,10.0,1.76,9,14.0,2.17,5,16.5,2.68,5
424,Hardwoods,Wamara,Swartzia leiocalycina,Guyana,G.,4,38,1298,,0.87,0.048,283,148,19.5,101,17100,2660,101,0.181,0.052,28,0.386,0.113,27,1.35,0.26,88,72.6,10.18,94,11390,1796,101,16.7,2.97,80,16.8,2.44,47,28.0,4.79,47
425,Hardwoods,Wamara,Swartzia leiocalycina,Guyana,A.D.,4,12,,1057,0.94,0.049,108,225,28.3,52,22200,2270,52,0.269,0.041,13,0.448,0.074,13,1.63,0.334,51,114.5,11.46,108,18950,2840,52,27.9,3.6,56,34.5,5.71,31,41.8,9.3,31
426,Hardwoods,"Wattle, black",Acacia mollissima,South Africa,G.,114 sticks,72,897,,0.6,0.029,98,80,14.1,14,11200,2870,14,,,,,,,1.4,0.244,10,35.6,6.64,78,5690,793,27,11.2,1.36,42,,,,,,
427,Hardwoods,"Wattle, black",Acacia mollissima,South Africa,A.D.,46 sticks,12,,721,0.64,0.062,57,121,32.7,7,14400,2580,7,,,,,,,1.35,0.036,4,60.5,8.66,47,7780,1560,21,15.5,1.66,17,,,,,,
428,Hardwoods,"Willow, crack",Salix fragilis,United Kingdom,G.,10,101,529,,0.35,0.019,70,35,2.0,10,5600,870,10,0.082,0.023,10,0.318,0.026,7,0.86,0.217,7,14.8,1.56,70,1910,86,9,4.8,0.77,12,9.6,0.67,4,11.2,1.26,4
429,Hardwoods,"Willow, crack",Salix fragilis,United Kingdom,A.D.,10,12,,433,0.39,0.018,77,66,6.1,9,7000,1130,9,0.114,0.011,9,0.248,0.04,4,0.74,0.041,4,28.1,0.41,77,2890,190,21,8.3,0.82,16,11.7,1.12,12,15.2,0.81,12
430,Hardwoods,"Willow, cricket bat",Salix alba var. coerulea,United Kingdom,G.,10,90,513,,0.34,0.02,62,31,1.9,7,5600,430,7,0.072,0.013,7,0.292,,3,0.97,0.131,4,13.6,1.43,62,1820,174,17,4.4,0.65,16,7.7,0.6,8,10.9,1.13,8
431,Hardwoods,"Willow, cricket bat",Salix alba var. coerulea,United Kingdom,A.D.,10,12,,417,0.37,0.016,70,62,6.3,5,6600,850,5,0.116,0.026,5,0.316,,2,0.74,0.147,3,27.3,2.19,70,2580,330,18,8.1,1.15,10,11.2,1.05,10,16.1,1.48,10
432,Hardwoods,"Willow, white",Salix x alba,United Kingdom,G.,15,113,529,,0.36,0.027,201,36,4.2,26,4800,1150,26,0.158,0.102,26,0.308,0.085,15,0.91,0.346,28,14.7,2.08,174,2050,334,167,5.2,0.61,66,9.3,1.55,68,12.1,1.27,68
433,Hardwoods,"Willow, white",Salix x alba,United Kingdom,A.D.,15,12,,433,0.38,0.024,208,63,5.8,30,5800,1140,30,0.141,0.042,30,0.291,0.108,19,0.76,0.129,26,28.4,2.59,170,2400,392,122,9.4,1.01,102,12.4,1.65,46,15.8,1.87,46
434,Hardwoods,Yaruru,Aspidosperma excelsum,Guyana,G.,,,,,,,,,,,,,,,,,,,,,,,,,,,,,,,,,,,,,
435,Hardwoods,Yaruru,Aspidosperma excelsum,Guyana,A.D.,28 pieces,12,,897,0.8,0.043,83,200,15.9,28,20300,1570,28,0.234,0.053,28,0.41,0.122,28,1.55,0.221,28,100.9,5.06,27,10450,1856,28,22.5,1.93,24,13.0,2.03,24,20.5,3.12,13
